-- phpMyAdmin SQL Dump
-- version 4.0.4
-- http://www.phpmyadmin.net
--
-- Host: localhost
-- Generation Time: Dec 16, 2021 at 06:36 AM
-- Server version: 5.6.12-log
-- PHP Version: 5.4.16

SET SQL_MODE = "NO_AUTO_VALUE_ON_ZERO";
SET time_zone = "+00:00";


/*!40101 SET @OLD_CHARACTER_SET_CLIENT=@@CHARACTER_SET_CLIENT */;
/*!40101 SET @OLD_CHARACTER_SET_RESULTS=@@CHARACTER_SET_RESULTS */;
/*!40101 SET @OLD_COLLATION_CONNECTION=@@COLLATION_CONNECTION */;
/*!40101 SET NAMES utf8 */;

--
-- Database: `deeplearning_antifraud_model_for_internetloan`
--
CREATE DATABASE IF NOT EXISTS `deeplearning_antifraud_model_for_internetloan` DEFAULT CHARACTER SET latin1 COLLATE latin1_swedish_ci;
USE `deeplearning_antifraud_model_for_internetloan`;

-- --------------------------------------------------------

--
-- Table structure for table `auth_group`
--

CREATE TABLE IF NOT EXISTS `auth_group` (
  `id` int(11) NOT NULL AUTO_INCREMENT,
  `name` varchar(80) NOT NULL,
  PRIMARY KEY (`id`),
  UNIQUE KEY `name` (`name`)
) ENGINE=InnoDB DEFAULT CHARSET=latin1 AUTO_INCREMENT=1 ;

-- --------------------------------------------------------

--
-- Table structure for table `auth_group_permissions`
--

CREATE TABLE IF NOT EXISTS `auth_group_permissions` (
  `id` int(11) NOT NULL AUTO_INCREMENT,
  `group_id` int(11) NOT NULL,
  `permission_id` int(11) NOT NULL,
  PRIMARY KEY (`id`),
  UNIQUE KEY `auth_group_permissions_group_id_permission_id_0cd325b0_uniq` (`group_id`,`permission_id`),
  KEY `auth_group_permissio_permission_id_84c5c92e_fk_auth_perm` (`permission_id`)
) ENGINE=InnoDB DEFAULT CHARSET=latin1 AUTO_INCREMENT=1 ;

-- --------------------------------------------------------

--
-- Table structure for table `auth_permission`
--

CREATE TABLE IF NOT EXISTS `auth_permission` (
  `id` int(11) NOT NULL AUTO_INCREMENT,
  `name` varchar(255) NOT NULL,
  `content_type_id` int(11) NOT NULL,
  `codename` varchar(100) NOT NULL,
  PRIMARY KEY (`id`),
  UNIQUE KEY `auth_permission_content_type_id_codename_01ab375a_uniq` (`content_type_id`,`codename`)
) ENGINE=InnoDB  DEFAULT CHARSET=latin1 AUTO_INCREMENT=28 ;

--
-- Dumping data for table `auth_permission`
--

INSERT INTO `auth_permission` (`id`, `name`, `content_type_id`, `codename`) VALUES
(1, 'Can add log entry', 1, 'add_logentry'),
(2, 'Can change log entry', 1, 'change_logentry'),
(3, 'Can delete log entry', 1, 'delete_logentry'),
(4, 'Can add permission', 2, 'add_permission'),
(5, 'Can change permission', 2, 'change_permission'),
(6, 'Can delete permission', 2, 'delete_permission'),
(7, 'Can add group', 3, 'add_group'),
(8, 'Can change group', 3, 'change_group'),
(9, 'Can delete group', 3, 'delete_group'),
(10, 'Can add user', 4, 'add_user'),
(11, 'Can change user', 4, 'change_user'),
(12, 'Can delete user', 4, 'delete_user'),
(13, 'Can add content type', 5, 'add_contenttype'),
(14, 'Can change content type', 5, 'change_contenttype'),
(15, 'Can delete content type', 5, 'delete_contenttype'),
(16, 'Can add session', 6, 'add_session'),
(17, 'Can change session', 6, 'change_session'),
(18, 'Can delete session', 6, 'delete_session'),
(19, 'Can add client register_ model', 7, 'add_clientregister_model'),
(20, 'Can change client register_ model', 7, 'change_clientregister_model'),
(21, 'Can delete client register_ model', 7, 'delete_clientregister_model'),
(22, 'Can add client posts_ model', 8, 'add_clientposts_model'),
(23, 'Can change client posts_ model', 8, 'change_clientposts_model'),
(24, 'Can delete client posts_ model', 8, 'delete_clientposts_model'),
(25, 'Can add feedbacks_ model', 9, 'add_feedbacks_model'),
(26, 'Can change feedbacks_ model', 9, 'change_feedbacks_model'),
(27, 'Can delete feedbacks_ model', 9, 'delete_feedbacks_model');

-- --------------------------------------------------------

--
-- Table structure for table `auth_user`
--

CREATE TABLE IF NOT EXISTS `auth_user` (
  `id` int(11) NOT NULL AUTO_INCREMENT,
  `password` varchar(128) NOT NULL,
  `last_login` datetime(6) DEFAULT NULL,
  `is_superuser` tinyint(1) NOT NULL,
  `username` varchar(150) NOT NULL,
  `first_name` varchar(30) NOT NULL,
  `last_name` varchar(150) NOT NULL,
  `email` varchar(254) NOT NULL,
  `is_staff` tinyint(1) NOT NULL,
  `is_active` tinyint(1) NOT NULL,
  `date_joined` datetime(6) NOT NULL,
  PRIMARY KEY (`id`),
  UNIQUE KEY `username` (`username`)
) ENGINE=InnoDB DEFAULT CHARSET=latin1 AUTO_INCREMENT=1 ;

-- --------------------------------------------------------

--
-- Table structure for table `auth_user_groups`
--

CREATE TABLE IF NOT EXISTS `auth_user_groups` (
  `id` int(11) NOT NULL AUTO_INCREMENT,
  `user_id` int(11) NOT NULL,
  `group_id` int(11) NOT NULL,
  PRIMARY KEY (`id`),
  UNIQUE KEY `auth_user_groups_user_id_group_id_94350c0c_uniq` (`user_id`,`group_id`),
  KEY `auth_user_groups_group_id_97559544_fk_auth_group_id` (`group_id`)
) ENGINE=InnoDB DEFAULT CHARSET=latin1 AUTO_INCREMENT=1 ;

-- --------------------------------------------------------

--
-- Table structure for table `auth_user_user_permissions`
--

CREATE TABLE IF NOT EXISTS `auth_user_user_permissions` (
  `id` int(11) NOT NULL AUTO_INCREMENT,
  `user_id` int(11) NOT NULL,
  `permission_id` int(11) NOT NULL,
  PRIMARY KEY (`id`),
  UNIQUE KEY `auth_user_user_permissions_user_id_permission_id_14a6b632_uniq` (`user_id`,`permission_id`),
  KEY `auth_user_user_permi_permission_id_1fbb5f2c_fk_auth_perm` (`permission_id`)
) ENGINE=InnoDB DEFAULT CHARSET=latin1 AUTO_INCREMENT=1 ;

-- --------------------------------------------------------

--
-- Table structure for table `django_admin_log`
--

CREATE TABLE IF NOT EXISTS `django_admin_log` (
  `id` int(11) NOT NULL AUTO_INCREMENT,
  `action_time` datetime(6) NOT NULL,
  `object_id` longtext,
  `object_repr` varchar(200) NOT NULL,
  `action_flag` smallint(5) unsigned NOT NULL,
  `change_message` longtext NOT NULL,
  `content_type_id` int(11) DEFAULT NULL,
  `user_id` int(11) NOT NULL,
  PRIMARY KEY (`id`),
  KEY `django_admin_log_content_type_id_c4bce8eb_fk_django_co` (`content_type_id`),
  KEY `django_admin_log_user_id_c564eba6_fk_auth_user_id` (`user_id`)
) ENGINE=InnoDB DEFAULT CHARSET=latin1 AUTO_INCREMENT=1 ;

-- --------------------------------------------------------

--
-- Table structure for table `django_content_type`
--

CREATE TABLE IF NOT EXISTS `django_content_type` (
  `id` int(11) NOT NULL AUTO_INCREMENT,
  `app_label` varchar(100) NOT NULL,
  `model` varchar(100) NOT NULL,
  PRIMARY KEY (`id`),
  UNIQUE KEY `django_content_type_app_label_model_76bd3d3b_uniq` (`app_label`,`model`)
) ENGINE=InnoDB  DEFAULT CHARSET=latin1 AUTO_INCREMENT=10 ;

--
-- Dumping data for table `django_content_type`
--

INSERT INTO `django_content_type` (`id`, `app_label`, `model`) VALUES
(1, 'admin', 'logentry'),
(3, 'auth', 'group'),
(2, 'auth', 'permission'),
(4, 'auth', 'user'),
(8, 'Client_Site', 'clientposts_model'),
(7, 'Client_Site', 'clientregister_model'),
(9, 'Client_Site', 'feedbacks_model'),
(5, 'contenttypes', 'contenttype'),
(6, 'sessions', 'session');

-- --------------------------------------------------------

--
-- Table structure for table `django_migrations`
--

CREATE TABLE IF NOT EXISTS `django_migrations` (
  `id` int(11) NOT NULL AUTO_INCREMENT,
  `app` varchar(255) NOT NULL,
  `name` varchar(255) NOT NULL,
  `applied` datetime(6) NOT NULL,
  PRIMARY KEY (`id`)
) ENGINE=InnoDB  DEFAULT CHARSET=latin1 AUTO_INCREMENT=22 ;

--
-- Dumping data for table `django_migrations`
--

INSERT INTO `django_migrations` (`id`, `app`, `name`, `applied`) VALUES
(1, 'Remote_User', '0001_initial', '2019-04-23 07:01:48.050781'),
(2, 'contenttypes', '0001_initial', '2019-04-23 07:01:49.494140'),
(3, 'auth', '0001_initial', '2019-04-23 07:02:03.837890'),
(4, 'admin', '0001_initial', '2019-04-23 07:02:05.832031'),
(5, 'admin', '0002_logentry_remove_auto_add', '2019-04-23 07:02:05.863281'),
(6, 'contenttypes', '0002_remove_content_type_name', '2019-04-23 07:02:07.041015'),
(7, 'auth', '0002_alter_permission_name_max_length', '2019-04-23 07:02:07.839843'),
(8, 'auth', '0003_alter_user_email_max_length', '2019-04-23 07:02:08.330078'),
(9, 'auth', '0004_alter_user_username_opts', '2019-04-23 07:02:08.361328'),
(10, 'auth', '0005_alter_user_last_login_null', '2019-04-23 07:02:08.921875'),
(11, 'auth', '0006_require_contenttypes_0002', '2019-04-23 07:02:08.953125'),
(12, 'auth', '0007_alter_validators_add_error_messages', '2019-04-23 07:02:08.989257'),
(13, 'auth', '0008_alter_user_username_max_length', '2019-04-23 07:02:09.785156'),
(14, 'auth', '0009_alter_user_last_name_max_length', '2019-04-23 07:02:10.580078'),
(15, 'sessions', '0001_initial', '2019-04-23 07:02:11.764648'),
(16, 'Remote_User', '0002_clientposts_model', '2019-04-25 05:53:57.702132'),
(17, 'Remote_User', '0003_clientposts_model_usefulcounts', '2019-04-25 10:00:02.521468'),
(18, 'Remote_User', '0004_auto_20190429_1027', '2019-04-29 04:57:32.672296'),
(19, 'Remote_User', '0005_clientposts_model_dislikes', '2019-04-29 05:15:16.668390'),
(20, 'Remote_User', '0006_Review_model', '2019-04-29 05:19:26.382257'),
(21, 'Remote_User', '0007_clientposts_model_names', '2019-04-30 04:45:46.472656');

-- --------------------------------------------------------

--
-- Table structure for table `django_session`
--

CREATE TABLE IF NOT EXISTS `django_session` (
  `session_key` varchar(40) NOT NULL,
  `session_data` longtext NOT NULL,
  `expire_date` datetime(6) NOT NULL,
  PRIMARY KEY (`session_key`),
  KEY `django_session_expire_date_a5c62663` (`expire_date`)
) ENGINE=InnoDB DEFAULT CHARSET=latin1;

--
-- Dumping data for table `django_session`
--

INSERT INTO `django_session` (`session_key`, `session_data`, `expire_date`) VALUES
('0doxd89lelsb62hh61y1u9xvhgis91ks', 'eyJ1c2VyaWQiOjE5fQ:1mDlBs:xxj-bSmT5wd80FZ0QPs9yzR1wUnf-8naNjRRmgbWt-4', '2021-08-25 10:10:28.069873'),
('0jpcgnd1gmwbp3e8tw54e6nxjylsogyo', 'YmM4NjE0MDQ2MzBmYWIxNzIzNTkxZjBiN2I5M2MxMzQyYTE0YmMxODp7InVzZXJpZCI6Mn0=', '2020-02-21 08:52:28.687500'),
('1avxwyhltuaclq2zfq40bjmwzxgup6hp', 'eyJ1c2VyaWQiOjJ9:1ml5JO:9_XIwCjkeG7Vu6-k169B1gbde6aRX-mqiwhgCKNqrRA', '2021-11-25 08:19:58.276708'),
('49qo7iki5uxczhyymi8ka7dnh6a2wva5', 'MmE4N2EzZmM3NTI1ODc3MjUxYjUxNWM3OWM4ZGExNWViMzRkN2MzYTp7Im5hbWUiOjF9', '2019-05-08 09:19:45.486328'),
('4df7s82pddaszour6twx23d86058ppjq', 'ZmNkODA5MmI1ZGQ0Yjk5MmZlNzEyNTcwNTcxNjk2ZWYxZTE3NThkMjp7InVzZXJpZCI6NX0=', '2020-11-23 11:49:21.396484'),
('4io28d085qjfib7a5s2qbhc8qp4wfiva', 'eyJ1c2VyaWQiOjE2fQ:1mAtmi:oIUbcN3WzJiaWnxMBZ6eIGMTo8NS2y701JlpwqvzBUk', '2021-08-17 12:44:40.453750'),
('4x6b78w9rfcn34v650kd2j7oij6atr8p', 'Zjk0Y2RlYjc4OTJhNWMyZjQyNmM4ZGRhYTVjNmVlNDFhZGE4ZmU3NTp7InVzZXJpZCI6Nn0=', '2019-12-27 12:07:42.082031'),
('7ixdamflp4fqyjecn17bd7xfbsi7eowq', 'eyJ1c2VyaWQiOjEwfQ:1mBzQr:5DfHs08xtygiklJxfW3kZFCrxnrA_igxR5gbDcKt2e8', '2021-08-20 12:58:37.947486'),
('7ph664obz14m207786d3oubrzgjnisom', 'eyJ1c2VyaWQiOjN9:1ml5U2:RJ7eMbREY4fk71sBmCItxM6E3kDDc-R-clIp-QGiiuI', '2021-11-25 08:30:58.769500'),
('9vom7mmn5muyoiy8nytc9mxown1q1g2b', 'eyJ1c2VyaWQiOjE5fQ:1mDRHr:QCoJ_gmMMx_cxknA5j_5NlcTLnENHFouosRuxYZlYbI', '2021-08-24 12:55:19.038051'),
('au3tqhab9csr4r2g5p8wxgktebzxone0', 'eyJ1c2VyaWQiOjExfQ:1mexd7:BmPTZn93Z2602ApV03LTh7BmDypyoNMN2YRKctHrGF8', '2021-11-08 10:55:01.820399'),
('awjl9pampgyx6u0e2vy12160hy3qy73s', 'eyJ1c2VyaWQiOjR9:1mvfsv:hYZtRYlJYn-POCpj_fML1ZEgBucHXTk8srvFPzPheIw', '2021-12-24 13:24:25.476442'),
('b9cu6cjsfqfm5mame5dy1ikpiiy7yn3w', 'OTk3NTk2YTE0NjM5MWQ0OGQ0MjY3NzBjNzdhOTc0ZWJhM2ZkMzdkMjp7InVzZXJpZCI6MX0=', '2019-05-09 11:00:08.480453'),
('bhfid9lacfwlfi5yu3rgdg1uo5fp2bq8', 'eyJ1c2VyaWQiOjE4fQ:1mBH4F:2wUorkPET_MGY07bWd-Zp-9HZUsjS3bGCHCu1j6BN-s', '2021-08-18 13:36:19.192796'),
('ct13q5fpn94zvnij8ekixwzcky2imc5e', 'YWUzM2IzMWJiYmQ3YmY2YzlkMGFlNTM1YmU5ZGM4YjQ0MmY1YTc0NTp7InVzZXJpZCI6NH0=', '2019-05-14 11:44:10.978515'),
('e07j4duysh402dedtomm8icctvs9ljgy', 'MmE4N2EzZmM3NTI1ODc3MjUxYjUxNWM3OWM4ZGExNWViMzRkN2MzYTp7Im5hbWUiOjF9', '2019-05-09 06:08:12.306625'),
('fdgvm5iauq2oup4xgz1delnqkv0ckmky', 'eyJ1c2VyaWQiOjZ9:1muvqd:k--1uYAimDRX2SDUFHMkGjDLpGldBnT6X3xNMfUOFVs', '2021-12-22 12:14:59.696678'),
('fq0czwxzas1e5bjz5cx5pr6ytm8uhejy', 'eyJ1c2VyaWQiOjExfQ:1mfKoD:eQbeRUgZ8NFqCleEdS6fE0NAoRs3zn6_B82CZb4YtiQ', '2021-11-09 11:40:01.472965'),
('gq8n7hwed11z0fi4cfoikzh7bj7d5vbo', 'eyJ1c2VyaWQiOjN9:1mvexz:61OkXtBDFgmJatVohgN3xbPP9mp1qrxhU7V1zZ7iAWM', '2021-12-24 12:25:35.546398'),
('gsqk7v1ei7yhuvcbxw6r8vxhgbuzz7zx', 'eyJ1c2VyaWQiOjJ9:1mkkhL:_T8wyqi-MJi-K7_a-0EPz-h6HRouyRfpeAhHqTS5N04', '2021-11-24 10:19:19.270816'),
('h2up0dvopjvwswxnvprj7id9lgrivhus', 'eyJ1c2VyaWQiOjIzfQ:1mfM3f:FAuAUdY-ly6qun6t571yt1pYKVGhXfjbjhiruld5rNs', '2021-11-09 13:00:03.703809'),
('hbv74sg6w6e4wp89vq807vw0xhkh5s1h', 'MzU0ZWYzNTQ3MjM4MWZlOTVjM2M1MWQ4MmE5ODE0OTlkNDRkNDkwMDp7InVzZXJpZCI6MX0=', '2020-01-10 07:40:38.067382'),
('hhtt48je70l9nzw6dee4ocuxxm9blqej', 'NGRhY2JkNmQ4ZTM4OTU0Y2UzMzFlZmZmOTgzYmE0MWVkOThiNjc2NTp7Im5hbWUiOjEsInVzZXJpZCI6MX0=', '2019-05-09 10:12:38.380843'),
('hsb5814on7cph0wvy0yls67ca94ngcq3', 'eyJ1c2VyaWQiOjE5fQ:1mBzgz:cug3sAkQKH-bQBkB9O5l0UsDJL-37eDV8mR9Qau3elA', '2021-08-20 13:15:17.195464'),
('i530ldontosd9c37rlmr7i190cc8j54c', 'eyJ1c2VyaWQiOjExfQ:1mfGFZ:PSpZPmdPYnGzwCScqY4tYBkDj8BMVATwweZjjxmG5dk', '2021-11-09 06:47:57.629900'),
('i77fui9jgj9yk7ncx7u4ph5d6kg0nl6c', 'eyJ1c2VyaWQiOjE5fQ:1mDPJC:kqt800XGsVGRjHS3TmeLFrJbrpIK4-GbH4ZirwIc7S4', '2021-08-24 10:48:34.860638'),
('ic3hqykgws5iy6fz5ns6h6f921jbjzmt', 'eyJ1c2VyaWQiOjExfQ:1kywHL:I_tahJ0VJb7myAbMbXpWZu9XrSaAMmduNxGd2x5gtmY', '2021-01-25 12:26:35.043761'),
('iefd6xe0oggn4u8ro9uisobiqyj5ertm', 'eyJ1c2VyaWQiOjJ9:1mvcjs:m97DNgIv2Ah3HGaVnOU9MPxZHO591QPKVQjL24geKxM', '2021-12-24 10:02:52.678274'),
('iz6wcyx97x1w6mpfc51g1tj72z2xghfn', 'eyJ1c2VyaWQiOjl9:1kwlIp:YKOKMwJARe6w057AKTGY1-GCuRcZAeAbJ0bdQao23wY', '2021-01-19 12:19:07.663490'),
('jgcbya9z2s6b6mmldfv28lm18imc73m8', 'eyJ1c2VyaWQiOjIxfQ:1mDnYP:GTRQ2I-UYLdsCCyA0-WsFSAVBNno1wLo6lk4M8JS0OU', '2021-08-25 12:41:53.312085'),
('jgtchr1pgqfssyitqusoy3swbrqertaz', 'eyJ1c2VyaWQiOjR9:1muuJ2:KluN3WZqwygOhZD-hTTIxJ7oMHTgWVF_TnvZRAxS4Zk', '2021-12-22 10:36:12.623910'),
('jpkxxiej4bdjin5tpdjm0xqhdooexz9o', 'eyJ1c2VyaWQiOjExfQ:1mBEdk:YOk6fHHfBMmtt5ZvSyzgy13Az8JS59iXbU4LO1Ps1RI', '2021-08-18 11:00:48.423036'),
('k7dyn4irgrj5wb4jucb4po527iw724dp', 'eyJ1c2VyaWQiOjEzfQ:1l0JrY:2_TJ4L_XoHdOW51Zdp0MOdyBEZEzntk5pdXZFDmX9x4', '2021-01-29 07:49:40.202848'),
('ktjsa2dwmkzggkc8htfro0m1zf2kt78d', 'eyJ1c2VyaWQiOjI0fQ:1mfiev:rUgpc2VOr-8MQnmWwZsSVM_IqXQAA3Bacheqmp_LQ2o', '2021-11-10 13:08:01.503971'),
('mfggs3nvgem7jfo498eil0o6221sbeij', 'eyJ1c2VyaWQiOjF9:1mvb1q:FQRejVbwigOs_Ftmo3S3StwgVU0ZOcjAYb2qAwSw8I8', '2021-12-24 08:13:18.227373'),
('o7x1vhluuypdfmgv7fmv6nohgfn5ub55', 'NzMyZjlhNzFhZjk2ZGUzZmFiMmIzYjMwNTJkYTg5MDUzNmNlMDk4Mjp7InVzZXJpZCI6MTZ9', '2020-01-02 12:51:55.659179'),
('oc4pzt7ijx1rzj09m2ve6b6y5uwc6wt5', 'eyJ1c2VyaWQiOjF9:1mkk7W:6GDuPOPoLHMwOYLys3lXIgfM79Fq36HHW31-utzbeyk', '2021-11-24 09:42:18.649798'),
('owqt9fqa6pkheboduh6f4k5p4lkwj0yc', 'eyJ1c2VyaWQiOjExfQ:1mfiXk:Wzn12pygxu_2Z1TzCSC4bKDawuXj_i7_BFLhJjKx-10', '2021-11-10 13:00:36.684741'),
('psdjoq42u7lfqwfodftic5x6z9ij34nk', 'eyJ1c2VyaWQiOjExfQ:1mAXDq:a8YYY1YJU3jPv03qo9-VcrjRHnDWRSqGseiR93n0GVM', '2021-08-16 12:39:10.518259'),
('q6hp9a2l9dbrclvox0o02x1aamx1ukj7', 'eyJ1c2VyaWQiOjIyfQ:1mfGz3:wkq7ZgyB738cK3Jugrc0viqb3eI1C0gWhyypHF_DE-A', '2021-11-09 07:34:57.860407'),
('qnaolidvfx6bu9ra3uyqvkgva7bv92f1', 'OTk3NTk2YTE0NjM5MWQ0OGQ0MjY3NzBjNzdhOTc0ZWJhM2ZkMzdkMjp7InVzZXJpZCI6MX0=', '2019-05-14 05:34:50.069335'),
('r9qk0kd407g591hugz99fhps8zofh69s', 'eyJ1c2VyaWQiOjE4fQ:1mBxnG:qkd9MTM_FhhghUpV90qngEkwkoSKYdLbfwRKBLhK7Qg', '2021-08-20 11:13:38.356475'),
('rfq3uvadj7qsqrz7qlcyie9wscsqz1nr', 'eyJ1c2VyaWQiOjI1fQ:1mk2vF:mTIne3EU3rECWccrUfyPmy7XxIwdAzxhig4S5oOngho', '2021-11-22 11:34:45.897995'),
('rn48bwukkb2yv60kvkacr8nc0njr5xky', 'eyJ1c2VyaWQiOjExfQ:1mfggv:xsbmrrGzxtrEFgspA0Wp7oWTp9qDl0shDSlGG8fHJo4', '2021-11-10 11:01:57.519295'),
('s7ui2zx2cslubpch6dm7iaxlz2wlsdgg', 'eyJ1c2VyaWQiOjExfQ:1mk1Xz:fpol-krFazPxkK0b4gEoocpOXHcd-eaYoxg26CU420Q', '2021-11-22 10:06:39.923928'),
('sdcvtwp7s5yj8q1lb0mdvlg8nj5wujqo', 'eyJ1c2VyaWQiOjEyfQ:1kzJ3p:0g6nRuJv3TXWVpANqNgbJcrUv96ZU5UQwv3bgqBbL1I', '2021-01-26 12:46:09.538596'),
('tejgl09oettnyva23kqdbns5nfz5g8ug', 'OTk3NTk2YTE0NjM5MWQ0OGQ0MjY3NzBjNzdhOTc0ZWJhM2ZkMzdkMjp7InVzZXJpZCI6MX0=', '2019-05-09 11:19:24.387679'),
('tx26u0gjaebi1m6miqvms83dw452rw7c', 'eyJ1c2VyaWQiOjExfQ:1mg01H:i0OHhHK7t2WdfySWwMXXs92TaT7Vn1UQf2i0eZBO70s', '2021-11-11 07:40:15.053714'),
('u5icgvq3qt5nthdlv99go3r804ccghbo', 'MmE4N2EzZmM3NTI1ODc3MjUxYjUxNWM3OWM4ZGExNWViMzRkN2MzYTp7Im5hbWUiOjF9', '2019-05-09 06:00:13.573226'),
('ws2o4cq1jbqepe0e9s9v7n4erxatq9ic', 'eyJ1c2VyaWQiOjE1fQ:1l2CgI:SmlpAnZzplZhPTFJ_rkEJstnZRl2CYWyTcah7PHPv-M', '2021-02-03 12:33:50.352453'),
('zega5sz46ivu1tb1o1mtmg3v2ysxog1w', 'eyJ1c2VyaWQiOjh9:1kuVm4:L7RizVvw4EC0IyYCYAIhGjC8lvZol_Z1abqVwdkdKkY', '2021-01-13 07:20:00.767751');

-- --------------------------------------------------------

--
-- Table structure for table `remote_user_clientregister_model`
--

CREATE TABLE IF NOT EXISTS `remote_user_clientregister_model` (
  `id` int(11) NOT NULL AUTO_INCREMENT,
  `username` varchar(30) NOT NULL,
  `email` varchar(30) NOT NULL,
  `password` varchar(50) NOT NULL,
  `phoneno` varchar(50) NOT NULL,
  `country` varchar(30) NOT NULL,
  `state` varchar(30) NOT NULL,
  `city` varchar(30) NOT NULL,
  PRIMARY KEY (`id`)
) ENGINE=InnoDB  DEFAULT CHARSET=latin1 AUTO_INCREMENT=5 ;

--
-- Dumping data for table `remote_user_clientregister_model`
--

INSERT INTO `remote_user_clientregister_model` (`id`, `username`, `email`, `password`, `phoneno`, `country`, `state`, `city`) VALUES
(3, 'Kamalesh', 'Kamalesh123@gmail.com', 'Kamalesh', '9535866270', 'India', 'Karnataka', 'Bangalore'),
(4, 'Manjunath', 'tmksmanju13@gmail.com', 'Manjunath', '9535866270', 'India', 'Karnataka', 'Bangalore');

-- --------------------------------------------------------

--
-- Table structure for table `remote_user_detection_accuracy`
--

CREATE TABLE IF NOT EXISTS `remote_user_detection_accuracy` (
  `id` int(11) NOT NULL AUTO_INCREMENT,
  `names` varchar(300) NOT NULL,
  `ratio` varchar(300) NOT NULL,
  PRIMARY KEY (`id`)
) ENGINE=InnoDB  DEFAULT CHARSET=latin1 AUTO_INCREMENT=11 ;

--
-- Dumping data for table `remote_user_detection_accuracy`
--

INSERT INTO `remote_user_detection_accuracy` (`id`, `names`, `ratio`) VALUES
(6, 'SVM', '90.4'),
(7, 'Logistic Regression', '90.3'),
(8, 'Decision Tree Classifier', '97.2'),
(9, 'Random Forest Classifier', '98.5'),
(10, 'KNeighbors Classifier', '90.3');

-- --------------------------------------------------------

--
-- Table structure for table `remote_user_detection_ratio`
--

CREATE TABLE IF NOT EXISTS `remote_user_detection_ratio` (
  `id` int(11) NOT NULL AUTO_INCREMENT,
  `names` varchar(300) NOT NULL,
  `ratio` varchar(300) NOT NULL,
  PRIMARY KEY (`id`)
) ENGINE=InnoDB  DEFAULT CHARSET=latin1 AUTO_INCREMENT=20 ;

--
-- Dumping data for table `remote_user_detection_ratio`
--

INSERT INTO `remote_user_detection_ratio` (`id`, `names`, `ratio`) VALUES
(18, 'Accepted', '8.49150849150849'),
(19, 'Not Accepted', '91.4085914085914');

-- --------------------------------------------------------

--
-- Table structure for table `remote_user_loan_status_prediction`
--

CREATE TABLE IF NOT EXISTS `remote_user_loan_status_prediction` (
  `id` int(11) NOT NULL AUTO_INCREMENT,
  `Idno` varchar(300) NOT NULL,
  `Age` varchar(300) NOT NULL,
  `Experience` varchar(300) NOT NULL,
  `Income` varchar(300) NOT NULL,
  `ZIP_Code` varchar(300) NOT NULL,
  `Family` varchar(300) NOT NULL,
  `CCAvg` varchar(300) NOT NULL,
  `Education` varchar(300) NOT NULL,
  `Mortgage` varchar(300) NOT NULL,
  `Securities_Account` varchar(300) NOT NULL,
  `CD_Account` varchar(300) NOT NULL,
  `Online` varchar(300) NOT NULL,
  `CreditCard` varchar(300) NOT NULL,
  `prediction_svm` varchar(300) NOT NULL,
  `prediction_Logistic` varchar(300) NOT NULL,
  `prediction_rfc` varchar(300) NOT NULL,
  `prediction_dtc` varchar(300) NOT NULL,
  `prediction_knc` varchar(300) NOT NULL,
  PRIMARY KEY (`id`)
) ENGINE=InnoDB  DEFAULT CHARSET=latin1 AUTO_INCREMENT=3004 ;

--
-- Dumping data for table `remote_user_loan_status_prediction`
--

INSERT INTO `remote_user_loan_status_prediction` (`id`, `Idno`, `Age`, `Experience`, `Income`, `ZIP_Code`, `Family`, `CCAvg`, `Education`, `Mortgage`, `Securities_Account`, `CD_Account`, `Online`, `CreditCard`, `prediction_svm`, `prediction_Logistic`, `prediction_rfc`, `prediction_dtc`, `prediction_knc`) VALUES
(2003, 'Idno', 'Age', 'Experience', 'Income', 'ZIP_Code', 'Family', 'CCAvg', 'Education', 'Mortgage', 'Securities_Account', 'CD_Account', 'Online', 'CreditCard', 'SVM', 'Logistic Regression', 'RandomForestClassifier', 'Decision Tree Classifier', 'KNeighborsClassifier'),
(2004, '1032', '56', '32', '25', '95403', '1', '0.1', '2', '136', '0', '0', '1', '0', '0', '0', '0', '0', '0'),
(2005, '1317', '28', '3', '51', '94086', '2', '1.6', '3', '123', '0', '0', '0', '0', '0', '0', '0', '0', '0'),
(2006, '1061', '59', '34', '23', '93111', '1', '0.1', '1', '0', '0', '0', '0', '1', '0', '0', '0', '0', '0'),
(2007, '3461', '63', '37', '84', '92691', '4', '2.4', '3', '0', '0', '0', '1', '1', '0', '0', '0', '0', '0'),
(2008, '1784', '53', '27', '192', '94720', '1', '1.7', '1', '601', '0', '0', '1', '0', '0', '1', '0', '0', '0'),
(2009, '4946', '42', '18', '49', '95351', '2', '1.7', '1', '106', '0', '0', '0', '1', '0', '0', '0', '0', '0'),
(2010, '3874', '54', '30', '54', '94550', '1', '1.6', '3', '185', '0', '0', '1', '0', '0', '0', '0', '0', '0'),
(2011, '1186', '43', '19', '31', '94025', '3', '0.5', '1', '0', '0', '0', '0', '0', '0', '0', '0', '0', '0'),
(2012, '3451', '29', '4', '14', '94590', '4', '0.5', '3', '0', '0', '0', '0', '1', '0', '0', '0', '0', '0'),
(2013, '4371', '27', '3', '18', '93524', '1', '0.4', '3', '0', '0', '0', '0', '0', '0', '0', '0', '0', '0'),
(2014, '1907', '42', '17', '98', '92866', '2', '0.4', '1', '275', '0', '0', '1', '0', '0', '0', '0', '0', '0'),
(2015, '3243', '38', '14', '33', '92096', '1', '2', '2', '0', '0', '0', '1', '0', '0', '0', '0', '0', '0'),
(2016, '4015', '56', '32', '23', '94720', '4', '0.7', '1', '0', '0', '0', '1', '1', '0', '0', '0', '0', '0'),
(2017, '4939', '61', '35', '80', '95973', '4', '1.7', '3', '0', '0', '0', '1', '0', '0', '0', '0', '0', '0'),
(2018, '3949', '37', '12', '123', '94304', '4', '3.1', '2', '253', '0', '1', '1', '1', '0', '0', '1', '1', '0'),
(2019, '1910', '56', '30', '101', '90048', '3', '1.7', '2', '0', '0', '0', '0', '1', '0', '0', '0', '0', '0'),
(2020, '2214', '61', '37', '45', '94610', '1', '0.8', '1', '0', '0', '0', '0', '0', '0', '0', '0', '0', '0'),
(2021, '4201', '43', '19', '74', '94035', '4', '1.9', '1', '0', '0', '0', '0', '1', '0', '0', '0', '0', '0'),
(2022, '2154', '40', '14', '123', '90041', '1', '5.2', '1', '0', '0', '0', '1', '0', '0', '0', '0', '0', '0'),
(2023, '2405', '41', '15', '75', '95010', '1', '1.5', '3', '0', '0', '0', '1', '0', '0', '0', '0', '0', '0'),
(2024, '3586', '45', '18', '45', '92037', '3', '1', '2', '0', '0', '0', '1', '0', '0', '0', '0', '0', '0'),
(2025, '3927', '48', '23', '43', '94301', '2', '1.3', '1', '0', '0', '0', '1', '0', '0', '0', '0', '0', '0'),
(2026, '2958', '61', '36', '53', '92717', '3', '0.5', '2', '0', '0', '0', '1', '0', '0', '0', '0', '0', '0'),
(2027, '4781', '47', '20', '49', '92104', '3', '2.5', '2', '0', '0', '0', '1', '0', '0', '0', '0', '0', '0'),
(2028, '2754', '54', '27', '195', '93117', '2', '4.75', '2', '477', '0', '0', '0', '0', '0', '1', '1', '1', '0'),
(2029, '1659', '50', '25', '14', '92037', '4', '0.8', '1', '0', '0', '0', '1', '0', '0', '0', '0', '0', '0'),
(2030, '4422', '63', '38', '9', '94707', '4', '0.6', '2', '100', '0', '0', '1', '1', '0', '0', '0', '0', '0'),
(2031, '1303', '42', '16', '38', '94087', '3', '0.9', '3', '0', '0', '0', '0', '0', '0', '0', '0', '0', '0'),
(2032, '551', '60', '34', '54', '94301', '3', '0.3', '2', '0', '0', '0', '1', '1', '0', '0', '0', '0', '0'),
(2033, '3445', '60', '35', '128', '93101', '1', '0.9', '1', '0', '0', '0', '1', '0', '0', '0', '0', '0', '0'),
(2034, '2964', '29', '3', '41', '94588', '1', '1.9', '3', '0', '0', '0', '1', '1', '0', '0', '0', '0', '0'),
(2035, '505', '40', '10', '44', '94720', '3', '2', '3', '0', '0', '0', '1', '0', '0', '0', '0', '0', '0'),
(2036, '3141', '33', '7', '31', '94303', '4', '1', '1', '0', '0', '0', '1', '1', '0', '0', '0', '0', '0'),
(2037, '1004', '25', '1', '62', '94720', '4', '0', '1', '229', '0', '0', '1', '0', '0', '0', '0', '0', '0'),
(2038, '2890', '53', '29', '33', '94591', '3', '1.9', '2', '144', '0', '0', '0', '0', '0', '0', '0', '0', '0'),
(2039, '1895', '51', '25', '29', '94303', '4', '0.1', '1', '0', '0', '0', '1', '1', '0', '0', '0', '0', '0'),
(2040, '419', '27', '0', '33', '90089', '4', '1', '3', '0', '0', '0', '0', '0', '0', '0', '0', '0', '0'),
(2041, '1882', '46', '19', '82', '91365', '3', '2.67', '2', '0', '0', '0', '0', '0', '0', '0', '0', '0', '0'),
(2042, '1887', '65', '41', '115', '94105', '4', '1.7', '2', '0', '0', '0', '0', '0', '0', '0', '0', '0', '0'),
(2043, '1491', '30', '4', '18', '95020', '4', '0.3', '2', '0', '0', '0', '1', '1', '0', '0', '0', '0', '0'),
(2044, '3179', '46', '21', '71', '95814', '4', '1.9', '3', '0', '0', '0', '0', '0', '0', '0', '0', '0', '0'),
(2045, '2476', '52', '26', '79', '95817', '3', '0.8', '1', '183', '0', '0', '0', '0', '0', '0', '0', '0', '0'),
(2046, '4953', '29', '3', '53', '94005', '4', '1.8', '3', '0', '0', '0', '1', '0', '0', '0', '0', '0', '0'),
(2047, '2446', '47', '23', '25', '93106', '1', '0.9', '3', '0', '0', '0', '1', '0', '0', '0', '0', '0', '0'),
(2048, '4679', '33', '7', '115', '93305', '1', '2.7', '2', '283', '0', '0', '1', '0', '0', '0', '0', '1', '0'),
(2049, '3791', '46', '22', '71', '92029', '2', '1.7', '1', '0', '0', '0', '1', '1', '0', '0', '0', '0', '0'),
(2050, '1324', '52', '26', '45', '91604', '3', '0.6', '2', '0', '0', '0', '0', '0', '0', '0', '0', '0', '0'),
(2051, '737', '61', '35', '152', '91016', '3', '3.3', '3', '0', '0', '0', '1', '0', '0', '0', '1', '1', '0'),
(2052, '1473', '34', '8', '8', '94710', '3', '0.1', '2', '83', '0', '0', '1', '0', '0', '0', '0', '0', '0'),
(2053, '2501', '28', '2', '121', '92096', '2', '2', '1', '341', '0', '0', '1', '0', '0', '0', '0', '0', '0'),
(2054, '18', '42', '18', '81', '94305', '4', '2.4', '1', '0', '0', '0', '0', '0', '0', '0', '0', '0', '0'),
(2055, '2308', '56', '31', '60', '92009', '3', '1.7', '1', '0', '0', '0', '1', '0', '0', '0', '0', '0', '0'),
(2056, '166', '27', '1', '43', '94706', '1', '1.5', '1', '0', '0', '0', '1', '0', '0', '0', '0', '0', '0'),
(2057, '1134', '31', '4', '28', '94126', '1', '2', '2', '0', '0', '0', '0', '0', '0', '0', '0', '0', '0'),
(2058, '4649', '37', '11', '75', '94704', '3', '0.9', '2', '0', '0', '0', '1', '0', '0', '0', '0', '0', '0'),
(2059, '1920', '38', '13', '19', '92069', '2', '1.4', '2', '120', '0', '0', '0', '1', '0', '0', '0', '0', '0'),
(2060, '3585', '63', '37', '15', '92121', '1', '0.8', '2', '115', '0', '0', '1', '0', '0', '0', '0', '0', '0'),
(2061, '3275', '31', '5', '110', '92123', '2', '1.5', '3', '0', '0', '0', '1', '0', '0', '0', '0', '1', '0'),
(2062, '4307', '35', '11', '41', '92123', '3', '2', '1', '0', '0', '0', '1', '0', '0', '0', '0', '0', '0'),
(2063, '3716', '29', '5', '124', '92037', '2', '0.2', '1', '0', '0', '0', '0', '1', '0', '0', '0', '0', '0'),
(2064, '3532', '38', '12', '58', '94542', '3', '0.9', '3', '128', '0', '0', '0', '1', '0', '0', '0', '0', '0'),
(2065, '1143', '44', '20', '75', '91335', '4', '1.9', '1', '0', '0', '0', '0', '0', '0', '0', '0', '0', '0'),
(2066, '2520', '60', '36', '10', '92121', '2', '1', '1', '0', '0', '0', '1', '1', '0', '0', '0', '0', '0'),
(2067, '2525', '49', '25', '24', '95678', '3', '0.4', '1', '0', '0', '0', '1', '0', '0', '0', '0', '0', '0'),
(2068, '360', '32', '6', '32', '93106', '1', '1.9', '3', '0', '0', '0', '1', '0', '0', '0', '0', '0', '0'),
(2069, '1622', '31', '6', '53', '92093', '4', '2.2', '1', '114', '0', '0', '1', '0', '0', '0', '0', '0', '0'),
(2070, '4216', '64', '40', '21', '94028', '2', '0.3', '3', '0', '0', '0', '0', '0', '0', '0', '0', '0', '0'),
(2071, '3285', '25', '-1', '101', '95819', '4', '2.1', '3', '0', '0', '0', '0', '1', '0', '0', '0', '0', '0'),
(2072, '4785', '52', '28', '9', '90405', '2', '0.2', '1', '0', '0', '0', '0', '0', '0', '0', '0', '0', '0'),
(2073, '2512', '51', '27', '92', '92121', '4', '3', '1', '0', '0', '1', '1', '1', '0', '0', '0', '1', '0'),
(2074, '184', '29', '3', '148', '92173', '3', '4.1', '1', '0', '0', '0', '1', '0', '0', '0', '1', '1', '0'),
(2075, '3654', '52', '27', '32', '92521', '2', '2', '2', '0', '0', '0', '0', '1', '0', '0', '0', '0', '0'),
(2076, '4014', '62', '38', '23', '91304', '2', '0.3', '3', '0', '0', '0', '0', '0', '0', '0', '0', '0', '0'),
(2077, '565', '33', '7', '32', '94904', '1', '0.6', '3', '152', '0', '0', '0', '0', '0', '0', '0', '0', '0'),
(2078, '961', '46', '22', '144', '93611', '2', '3.3', '1', '0', '0', '0', '1', '1', '0', '0', '0', '0', '0'),
(2079, '2624', '42', '17', '111', '94304', '3', '3', '1', '0', '1', '1', '0', '1', '0', '0', '1', '0', '0'),
(2080, '4531', '33', '9', '19', '95370', '2', '1', '2', '92', '0', '0', '1', '0', '0', '0', '0', '0', '0'),
(2081, '2489', '38', '14', '105', '94708', '2', '1.9', '1', '0', '0', '0', '1', '0', '0', '0', '0', '0', '0'),
(2082, '1130', '30', '4', '73', '94305', '3', '3.3', '1', '0', '0', '1', '1', '1', '0', '0', '0', '1', '0'),
(2083, '2003', '30', '4', '142', '92126', '3', '4.2', '1', '359', '0', '0', '0', '0', '0', '0', '1', '1', '0'),
(2084, '3976', '50', '23', '25', '91330', '1', '0.5', '2', '0', '0', '0', '1', '0', '0', '0', '0', '0', '0'),
(2085, '4920', '41', '16', '68', '92122', '3', '3', '1', '0', '0', '0', '1', '1', '0', '0', '0', '0', '0'),
(2086, '1320', '32', '6', '35', '94005', '2', '0.3', '1', '0', '0', '0', '0', '1', '0', '0', '0', '0', '0'),
(2087, '2509', '40', '15', '63', '93407', '3', '3', '1', '0', '1', '0', '1', '0', '0', '0', '0', '0', '0'),
(2088, '271', '60', '36', '63', '94063', '4', '2.2', '1', '0', '0', '0', '1', '0', '0', '0', '0', '0', '0'),
(2089, '296', '60', '34', '64', '94304', '2', '1.7', '3', '0', '0', '0', '0', '1', '0', '0', '0', '0', '0'),
(2090, '605', '28', '3', '70', '90245', '4', '2.2', '1', '240', '0', '0', '0', '1', '0', '0', '0', '0', '0'),
(2091, '367', '50', '24', '35', '92717', '1', '0.3', '3', '0', '0', '0', '1', '0', '0', '0', '0', '0', '0'),
(2092, '2101', '31', '6', '145', '93940', '1', '0.8', '1', '84', '0', '0', '1', '0', '0', '0', '0', '0', '1'),
(2093, '4126', '60', '34', '95', '94104', '2', '0.7', '2', '322', '0', '0', '1', '1', '0', '0', '0', '0', '0'),
(2094, '1798', '35', '10', '143', '91365', '1', '8.6', '1', '0', '0', '0', '1', '1', '0', '0', '0', '0', '0'),
(2095, '2207', '33', '7', '48', '92831', '4', '2.2', '2', '207', '0', '0', '0', '0', '0', '0', '0', '0', '0'),
(2096, '4514', '43', '19', '114', '92325', '1', '1.7', '1', '0', '0', '0', '1', '0', '0', '0', '0', '0', '0'),
(2097, '197', '48', '24', '165', '93407', '1', '5', '1', '0', '0', '0', '0', '1', '0', '1', '0', '0', '0'),
(2098, '2900', '42', '18', '114', '94305', '1', '0.3', '1', '0', '0', '0', '0', '0', '0', '0', '0', '0', '0'),
(2099, '2370', '50', '24', '45', '94005', '4', '0.1', '1', '93', '0', '0', '1', '0', '0', '0', '0', '0', '0'),
(2100, '4378', '33', '8', '145', '92507', '1', '2.7', '3', '0', '0', '0', '1', '0', '0', '0', '1', '1', '0'),
(2101, '931', '28', '4', '43', '92103', '3', '0.1', '2', '0', '0', '0', '1', '0', '0', '0', '0', '0', '0'),
(2102, '4479', '33', '9', '53', '91380', '1', '2.1', '3', '0', '0', '0', '0', '0', '0', '0', '0', '0', '0'),
(2103, '2250', '41', '14', '38', '95814', '3', '1', '2', '150', '0', '0', '1', '0', '0', '0', '0', '0', '0'),
(2104, '1986', '31', '7', '31', '94920', '4', '0.4', '2', '79', '0', '0', '0', '0', '0', '0', '0', '0', '0'),
(2105, '602', '58', '32', '38', '91320', '1', '1.4', '1', '0', '0', '0', '1', '1', '0', '0', '0', '0', '0'),
(2106, '1956', '43', '17', '32', '90401', '3', '0.5', '2', '0', '0', '0', '1', '0', '0', '0', '0', '0', '0'),
(2107, '2059', '33', '7', '18', '92093', '1', '0.6', '3', '0', '0', '0', '0', '0', '0', '0', '0', '0', '0'),
(2108, '3006', '62', '36', '148', '94111', '3', '7', '2', '0', '0', '0', '1', '0', '0', '0', '1', '1', '0'),
(2109, '1915', '48', '24', '54', '95616', '1', '1.6', '2', '186', '0', '0', '1', '0', '0', '0', '0', '0', '0'),
(2110, '3231', '65', '40', '48', '94708', '3', '2.4', '1', '0', '0', '0', '0', '1', '0', '0', '0', '0', '0'),
(2111, '1634', '62', '38', '53', '92121', '1', '0', '2', '0', '0', '0', '0', '0', '0', '0', '0', '0', '0'),
(2112, '4722', '52', '26', '70', '94117', '2', '1.1', '1', '0', '1', '0', '1', '0', '0', '0', '0', '0', '0'),
(2113, '957', '37', '11', '43', '90250', '1', '2', '1', '0', '0', '0', '1', '0', '0', '0', '0', '0', '0'),
(2114, '3316', '48', '22', '80', '94720', '3', '1.1', '1', '0', '0', '0', '0', '0', '0', '0', '0', '0', '0'),
(2115, '4999', '65', '40', '49', '90034', '3', '0.5', '2', '0', '0', '0', '1', '0', '0', '0', '0', '0', '0'),
(2116, '1139', '30', '6', '83', '93101', '4', '3.4', '1', '0', '1', '0', '1', '0', '0', '0', '0', '0', '0'),
(2117, '3078', '46', '21', '44', '95112', '1', '0.3', '1', '110', '1', '0', '1', '0', '0', '0', '0', '0', '0'),
(2118, '3627', '24', '-3', '28', '90089', '4', '1', '3', '0', '0', '0', '0', '0', '0', '0', '0', '0', '0'),
(2119, '807', '53', '27', '44', '94542', '4', '1.5', '3', '0', '0', '0', '0', '0', '0', '0', '0', '0', '0'),
(2120, '3354', '49', '23', '19', '94521', '4', '0.6', '3', '0', '0', '0', '1', '1', '0', '0', '0', '0', '0'),
(2121, '1901', '61', '36', '10', '91365', '4', '0.4', '2', '0', '0', '0', '1', '0', '0', '0', '0', '0', '0'),
(2122, '1726', '57', '32', '19', '95348', '1', '1.3', '1', '0', '0', '0', '1', '0', '0', '0', '0', '0', '0'),
(2123, '1394', '62', '37', '55', '95039', '3', '0.9', '3', '0', '0', '0', '1', '0', '0', '0', '0', '0', '0'),
(2124, '4681', '46', '21', '154', '90245', '2', '2.8', '1', '94', '0', '0', '0', '0', '0', '0', '0', '0', '0'),
(2125, '1899', '50', '24', '43', '95630', '4', '0.1', '1', '0', '0', '0', '1', '0', '0', '0', '0', '0', '0'),
(2126, '4106', '39', '15', '139', '91801', '1', '3.4', '1', '353', '0', '0', '1', '0', '0', '0', '0', '0', '0'),
(2127, '4152', '44', '18', '123', '95841', '3', '5.9', '1', '0', '0', '1', '1', '1', '0', '0', '1', '1', '0'),
(2128, '2049', '28', '4', '43', '94803', '1', '1.8', '2', '0', '0', '0', '1', '1', '0', '0', '0', '0', '0'),
(2129, '4195', '63', '37', '31', '95819', '1', '0.5', '3', '0', '0', '0', '1', '0', '0', '0', '0', '0', '0'),
(2130, '2229', '48', '23', '43', '90254', '4', '1.9', '3', '0', '0', '0', '1', '0', '0', '0', '0', '0', '0'),
(2131, '2205', '63', '37', '20', '94704', '2', '0.4', '1', '76', '0', '0', '0', '0', '0', '0', '0', '0', '0'),
(2132, '3944', '61', '36', '188', '91360', '1', '9.3', '2', '0', '0', '0', '0', '0', '0', '1', '1', '1', '0'),
(2133, '1830', '59', '29', '45', '95630', '3', '2', '3', '0', '0', '0', '1', '0', '0', '0', '0', '0', '0'),
(2134, '2615', '35', '11', '160', '92093', '4', '5.7', '3', '0', '1', '0', '0', '0', '0', '0', '1', '1', '0'),
(2135, '4503', '57', '32', '80', '92647', '2', '0', '3', '0', '0', '0', '0', '0', '0', '0', '0', '0', '0'),
(2136, '4365', '59', '35', '75', '92121', '4', '2.3', '3', '0', '1', '0', '0', '0', '0', '0', '0', '0', '0'),
(2137, '1040', '41', '16', '175', '94304', '2', '1.1', '3', '0', '0', '0', '1', '0', '0', '1', '1', '1', '0'),
(2138, '342', '31', '6', '55', '92038', '4', '2', '2', '185', '0', '0', '1', '0', '0', '0', '0', '0', '0'),
(2139, '471', '32', '6', '84', '91006', '4', '1.8', '2', '0', '0', '0', '0', '0', '0', '0', '0', '0', '0'),
(2140, '1763', '65', '35', '55', '94526', '4', '1.67', '3', '89', '0', '0', '1', '1', '0', '0', '0', '0', '0'),
(2141, '3191', '56', '26', '74', '91335', '1', '3', '3', '0', '0', '0', '0', '0', '0', '0', '0', '0', '0'),
(2142, '3251', '36', '11', '101', '90212', '3', '1.2', '3', '0', '1', '0', '0', '1', '0', '0', '0', '0', '0'),
(2143, '3174', '34', '10', '35', '94309', '1', '1.7', '1', '0', '0', '0', '1', '0', '0', '0', '0', '0', '0'),
(2144, '1307', '34', '9', '31', '94115', '4', '1.1', '3', '0', '0', '0', '1', '1', '0', '0', '0', '0', '0'),
(2145, '2242', '26', '0', '14', '94301', '4', '0.4', '1', '94', '0', '0', '1', '0', '0', '0', '0', '0', '0'),
(2146, '930', '55', '30', '22', '92121', '1', '1.5', '2', '91', '0', '0', '0', '1', '0', '0', '0', '0', '0'),
(2147, '4982', '34', '9', '195', '90266', '2', '3', '1', '122', '0', '0', '1', '0', '0', '1', '0', '0', '0'),
(2148, '4530', '27', '0', '40', '92103', '4', '1', '3', '0', '0', '0', '0', '0', '0', '0', '0', '0', '0'),
(2149, '476', '43', '19', '152', '92008', '3', '6.1', '2', '0', '0', '0', '0', '0', '0', '0', '1', '1', '0'),
(2150, '71', '42', '18', '115', '91335', '1', '3.5', '1', '0', '0', '0', '0', '1', '0', '0', '0', '0', '0'),
(2151, '4809', '42', '16', '32', '90033', '3', '0.5', '2', '0', '0', '0', '0', '1', '0', '0', '0', '0', '0'),
(2152, '4899', '52', '26', '19', '94143', '1', '1.4', '3', '96', '0', '0', '1', '0', '0', '0', '0', '0', '0'),
(2153, '424', '43', '19', '161', '95616', '2', '7.5', '1', '0', '0', '0', '0', '0', '0', '0', '0', '0', '0'),
(2154, '3820', '57', '27', '50', '93950', '4', '2', '3', '0', '0', '0', '1', '0', '0', '0', '0', '0', '0'),
(2155, '4215', '46', '22', '89', '94303', '1', '2.7', '1', '0', '1', '1', '1', '1', '0', '0', '0', '0', '0'),
(2156, '2007', '64', '39', '75', '94720', '4', '0.1', '2', '0', '0', '1', '1', '1', '0', '0', '0', '0', '0'),
(2157, '1809', '55', '31', '50', '93010', '4', '1.5', '1', '0', '0', '0', '1', '0', '0', '0', '0', '0', '0'),
(2158, '1150', '56', '32', '158', '91763', '1', '7.4', '1', '0', '0', '0', '0', '0', '0', '0', '0', '0', '0'),
(2159, '4978', '40', '15', '54', '90266', '3', '0.8', '3', '0', '0', '0', '1', '0', '0', '0', '0', '0', '0'),
(2160, '2746', '50', '25', '38', '95616', '1', '1.3', '2', '120', '0', '0', '0', '1', '0', '0', '0', '0', '0'),
(2161, '2465', '60', '36', '32', '92407', '3', '0.4', '2', '165', '0', '0', '1', '0', '0', '0', '0', '0', '0'),
(2162, '4618', '38', '13', '41', '95521', '3', '0.5', '3', '0', '0', '0', '0', '1', '0', '0', '0', '0', '0'),
(2163, '2474', '57', '32', '39', '92182', '4', '0.9', '1', '147', '0', '0', '0', '0', '0', '0', '0', '0', '0'),
(2164, '856', '59', '33', '113', '92152', '2', '2', '1', '77', '0', '0', '1', '0', '0', '0', '0', '0', '0'),
(2165, '640', '62', '36', '32', '92646', '2', '0.2', '3', '0', '0', '0', '1', '1', '0', '0', '0', '0', '0'),
(2166, '1937', '50', '24', '82', '90291', '3', '3', '2', '0', '0', '0', '1', '0', '0', '0', '0', '0', '0'),
(2167, '1076', '41', '15', '59', '90024', '4', '0.2', '3', '0', '0', '0', '0', '0', '0', '0', '0', '0', '0'),
(2168, '4269', '49', '23', '108', '95616', '2', '2.4', '2', '0', '0', '0', '1', '0', '0', '0', '0', '1', '0'),
(2169, '4622', '57', '32', '60', '93407', '3', '1.7', '1', '0', '1', '1', '1', '1', '0', '0', '0', '0', '0'),
(2170, '2741', '54', '29', '48', '92182', '2', '2.1', '3', '142', '0', '0', '1', '0', '0', '0', '0', '0', '0'),
(2171, '3950', '31', '5', '23', '93407', '1', '0.4', '2', '0', '0', '0', '1', '1', '0', '0', '0', '0', '0'),
(2172, '3512', '37', '11', '89', '94609', '1', '1.5', '3', '0', '0', '0', '1', '0', '0', '0', '0', '0', '0'),
(2173, '4915', '65', '39', '94', '92374', '1', '2', '1', '0', '0', '0', '0', '1', '0', '0', '0', '0', '0'),
(2174, '4892', '56', '31', '61', '90024', '4', '0.9', '1', '0', '1', '1', '1', '1', '0', '0', '0', '0', '0'),
(2175, '2905', '56', '32', '190', '90032', '3', '2.2', '1', '0', '0', '1', '1', '0', '0', '1', '1', '1', '0'),
(2176, '3109', '42', '15', '21', '95678', '3', '1', '2', '0', '0', '0', '1', '0', '0', '0', '0', '0', '0'),
(2177, '3531', '54', '28', '49', '90073', '4', '2.8', '2', '0', '1', '0', '0', '0', '0', '0', '0', '0', '0'),
(2178, '2749', '32', '7', '82', '94305', '1', '2.6', '2', '240', '0', '1', '1', '1', '0', '0', '0', '0', '0'),
(2179, '3779', '66', '41', '14', '95814', '4', '0.6', '2', '0', '0', '0', '0', '0', '0', '0', '0', '0', '0'),
(2180, '4903', '33', '8', '58', '90505', '2', '2.5', '1', '0', '0', '0', '1', '0', '0', '0', '0', '0', '0'),
(2181, '2488', '45', '20', '40', '92886', '1', '0.5', '3', '0', '1', '0', '1', '0', '0', '0', '0', '0', '0'),
(2182, '126', '60', '35', '80', '91301', '3', '0.5', '1', '0', '0', '0', '1', '0', '0', '0', '0', '0', '0'),
(2183, '2290', '59', '35', '68', '93117', '1', '1.8', '3', '95', '0', '0', '0', '0', '0', '0', '0', '0', '0'),
(2184, '4948', '39', '13', '41', '95064', '2', '0.3', '1', '108', '0', '0', '1', '1', '0', '0', '0', '0', '0'),
(2185, '2539', '37', '12', '175', '92037', '2', '7.8', '1', '297', '0', '0', '1', '1', '0', '1', '0', '0', '0'),
(2186, '1292', '58', '34', '44', '94111', '4', '2.2', '1', '0', '1', '0', '0', '0', '0', '0', '0', '0', '0'),
(2187, '179', '53', '29', '24', '95818', '4', '0.2', '1', '0', '0', '0', '1', '1', '0', '0', '0', '0', '0'),
(2188, '3460', '26', '1', '88', '94025', '2', '1.8', '2', '0', '0', '0', '0', '0', '0', '0', '0', '0', '0'),
(2189, '235', '26', '1', '80', '95616', '1', '0.8', '2', '150', '0', '0', '0', '0', '0', '0', '0', '0', '0'),
(2190, '1089', '59', '35', '95', '95521', '1', '3.8', '1', '0', '0', '0', '1', '1', '0', '0', '0', '1', '0'),
(2191, '3226', '52', '28', '38', '95064', '4', '0.9', '2', '0', '0', '0', '0', '1', '0', '0', '0', '0', '0'),
(2192, '2453', '25', '1', '28', '94596', '1', '1', '3', '0', '0', '0', '1', '0', '0', '0', '0', '0', '0'),
(2193, '3169', '51', '25', '180', '94701', '1', '1.7', '1', '0', '0', '0', '1', '0', '0', '1', '0', '0', '0'),
(2194, '929', '35', '10', '74', '90638', '4', '1.3', '1', '0', '0', '0', '1', '0', '0', '0', '0', '0', '0'),
(2195, '158', '41', '17', '83', '94025', '4', '2.67', '1', '0', '0', '0', '1', '1', '0', '0', '0', '0', '0'),
(2196, '2264', '47', '21', '28', '92868', '3', '1.5', '1', '0', '0', '0', '1', '0', '0', '0', '0', '0', '0'),
(2197, '4062', '33', '3', '59', '91040', '2', '1.75', '3', '0', '0', '0', '1', '0', '0', '0', '0', '0', '0'),
(2198, '4821', '42', '17', '44', '94124', '1', '0.3', '3', '0', '1', '1', '1', '1', '0', '0', '0', '0', '0'),
(2199, '4254', '54', '28', '61', '90601', '3', '3', '2', '0', '0', '0', '1', '1', '0', '0', '0', '0', '0'),
(2200, '1315', '32', '6', '73', '94305', '4', '2.2', '2', '0', '0', '0', '0', '0', '0', '0', '0', '0', '0'),
(2201, '1030', '41', '17', '20', '94720', '1', '1.4', '3', '0', '0', '0', '1', '0', '0', '0', '0', '0', '0'),
(2202, '4221', '54', '30', '39', '94806', '4', '0.1', '3', '0', '1', '0', '1', '0', '0', '0', '0', '0', '0'),
(2203, '2840', '58', '33', '75', '90034', '2', '0', '3', '0', '0', '0', '1', '0', '0', '0', '0', '0', '0'),
(2204, '2841', '41', '15', '95', '91101', '3', '0.1', '1', '240', '1', '0', '0', '0', '0', '0', '0', '0', '0'),
(2205, '141', '51', '25', '31', '90245', '2', '0.4', '3', '161', '0', '0', '1', '1', '0', '0', '0', '0', '0'),
(2206, '365', '54', '24', '29', '92028', '3', '1', '3', '148', '0', '0', '0', '1', '0', '0', '0', '0', '0'),
(2207, '1308', '26', '2', '195', '94546', '1', '6.33', '1', '0', '0', '0', '1', '1', '0', '1', '0', '0', '0'),
(2208, '4730', '40', '14', '18', '90049', '4', '1.5', '3', '0', '0', '0', '0', '0', '0', '0', '0', '0', '0'),
(2209, '2804', '43', '18', '41', '92831', '1', '0.3', '3', '0', '0', '0', '1', '0', '0', '0', '0', '0', '0'),
(2210, '586', '34', '4', '83', '92653', '4', '4', '3', '0', '0', '0', '1', '0', '0', '0', '0', '0', '0'),
(2211, '2190', '48', '23', '128', '94309', '1', '0.6', '1', '0', '0', '0', '1', '1', '0', '0', '0', '0', '0'),
(2212, '1399', '42', '18', '141', '93407', '1', '3.5', '1', '0', '0', '0', '0', '0', '0', '0', '0', '0', '0'),
(2213, '203', '30', '3', '68', '94306', '4', '2', '2', '0', '0', '0', '1', '0', '0', '0', '0', '0', '0'),
(2214, '4264', '59', '33', '18', '94542', '2', '0.2', '3', '0', '0', '0', '0', '0', '0', '0', '0', '0', '0'),
(2215, '1396', '47', '23', '190', '92831', '4', '0.3', '3', '305', '0', '0', '0', '0', '0', '1', '1', '1', '0'),
(2216, '3669', '38', '13', '129', '92037', '4', '0.3', '3', '75', '0', '0', '1', '0', '0', '0', '1', '1', '0'),
(2217, '810', '54', '29', '111', '94304', '1', '0.1', '3', '0', '0', '0', '0', '1', '0', '0', '0', '1', '0'),
(2218, '1651', '31', '6', '83', '92131', '4', '2.2', '2', '106', '0', '0', '1', '0', '0', '0', '0', '0', '0'),
(2219, '4059', '39', '15', '65', '92037', '1', '1.5', '3', '0', '0', '0', '0', '0', '0', '0', '0', '0', '0'),
(2220, '743', '32', '6', '81', '92626', '1', '2.5', '1', '0', '0', '0', '1', '0', '0', '0', '0', '0', '0'),
(2221, '4626', '45', '21', '102', '92037', '4', '4.7', '2', '81', '0', '0', '0', '0', '0', '0', '1', '1', '0'),
(2222, '2010', '25', '0', '99', '92735', '1', '1.9', '1', '323', '0', '0', '0', '0', '0', '0', '0', '0', '0'),
(2223, '3974', '61', '35', '53', '90064', '1', '2.8', '2', '167', '0', '0', '1', '0', '0', '0', '0', '0', '0'),
(2224, '1833', '54', '29', '79', '91330', '4', '3.8', '2', '0', '1', '0', '1', '0', '0', '0', '0', '0', '0'),
(2225, '54', '50', '26', '190', '90245', '3', '2.1', '3', '240', '0', '0', '1', '0', '0', '1', '1', '1', '0'),
(2226, '2384', '63', '39', '52', '90033', '2', '1.1', '1', '0', '0', '0', '1', '1', '0', '0', '0', '0', '0'),
(2227, '3773', '35', '10', '152', '94112', '2', '3', '1', '0', '0', '0', '1', '0', '0', '0', '0', '0', '0'),
(2228, '895', '29', '4', '59', '95064', '4', '2.2', '1', '232', '0', '0', '1', '1', '0', '0', '0', '0', '0'),
(2229, '2856', '35', '11', '38', '91706', '1', '1.5', '2', '136', '0', '0', '1', '0', '0', '0', '0', '0', '0'),
(2230, '4285', '38', '13', '173', '94305', '2', '3.3', '1', '243', '0', '0', '0', '0', '0', '1', '0', '0', '0'),
(2231, '1140', '55', '28', '38', '95616', '3', '1', '2', '0', '0', '0', '1', '0', '0', '0', '0', '0', '0'),
(2232, '4964', '32', '6', '98', '95054', '2', '4.5', '3', '306', '0', '0', '0', '0', '0', '0', '0', '0', '0'),
(2233, '4460', '32', '8', '115', '90064', '1', '4', '1', '0', '0', '0', '0', '0', '0', '0', '0', '0', '0'),
(2234, '266', '49', '23', '23', '94305', '4', '0.6', '3', '98', '1', '0', '0', '0', '0', '0', '0', '0', '0'),
(2235, '4641', '30', '6', '42', '90034', '1', '2.1', '3', '0', '0', '0', '1', '0', '0', '0', '0', '0', '0'),
(2236, '3484', '60', '36', '195', '90066', '1', '4.7', '1', '0', '0', '0', '1', '0', '0', '1', '0', '0', '0'),
(2237, '3223', '49', '23', '81', '93107', '2', '0.8', '3', '0', '0', '0', '0', '0', '0', '0', '0', '0', '0'),
(2238, '2605', '37', '10', '35', '92521', '4', '1', '2', '0', '0', '0', '0', '0', '0', '0', '0', '0', '0'),
(2239, '4738', '61', '36', '85', '94998', '3', '1.8', '2', '0', '0', '0', '0', '0', '0', '0', '0', '0', '0'),
(2240, '3188', '43', '18', '41', '94035', '1', '0.5', '3', '0', '0', '0', '0', '0', '0', '0', '0', '0', '0'),
(2241, '3117', '36', '10', '21', '92008', '3', '0.1', '2', '0', '0', '0', '0', '1', '0', '0', '0', '0', '0'),
(2242, '3027', '44', '20', '81', '90254', '4', '0.8', '1', '228', '0', '0', '0', '1', '0', '0', '0', '0', '0'),
(2243, '2959', '66', '41', '65', '92612', '3', '2.4', '1', '0', '0', '0', '0', '0', '0', '0', '0', '0', '0'),
(2244, '2887', '50', '25', '58', '93940', '1', '1.3', '2', '0', '0', '0', '1', '0', '0', '0', '0', '0', '0'),
(2245, '357', '56', '30', '24', '94704', '2', '0.4', '3', '88', '0', '0', '0', '0', '0', '0', '0', '0', '0'),
(2246, '513', '39', '14', '54', '95035', '3', '3', '1', '108', '0', '0', '0', '1', '0', '0', '0', '0', '0'),
(2247, '4551', '65', '40', '18', '95621', '1', '1.5', '2', '0', '0', '0', '1', '0', '0', '0', '0', '0', '0'),
(2248, '4266', '27', '2', '44', '93943', '4', '0.6', '2', '0', '1', '1', '1', '0', '0', '0', '0', '0', '0'),
(2249, '3252', '52', '26', '78', '90720', '3', '3', '2', '0', '0', '0', '0', '1', '0', '0', '0', '0', '0'),
(2250, '1013', '50', '25', '40', '95820', '1', '1.3', '2', '0', '0', '0', '1', '1', '0', '0', '0', '0', '0'),
(2251, '4732', '37', '11', '29', '91711', '2', '1.4', '3', '0', '0', '0', '1', '1', '0', '0', '0', '0', '0'),
(2252, '3618', '37', '11', '30', '94304', '2', '0.3', '1', '146', '0', '0', '0', '0', '0', '0', '0', '0', '0'),
(2253, '4451', '44', '20', '45', '94111', '2', '2.5', '1', '0', '0', '0', '1', '0', '0', '0', '0', '0', '0'),
(2254, '420', '58', '33', '50', '94501', '4', '2.1', '1', '0', '0', '0', '0', '1', '0', '0', '0', '0', '0'),
(2255, '3347', '41', '15', '65', '92037', '2', '2.8', '1', '0', '0', '0', '1', '1', '0', '0', '0', '0', '0'),
(2256, '1571', '41', '16', '114', '94705', '4', '3.5', '1', '0', '0', '0', '0', '1', '0', '0', '1', '1', '0'),
(2257, '2930', '32', '6', '22', '94061', '4', '0.3', '1', '0', '0', '0', '0', '0', '0', '0', '0', '0', '0'),
(2258, '278', '29', '2', '30', '92126', '4', '1', '3', '0', '0', '0', '0', '0', '0', '0', '0', '0', '0'),
(2259, '760', '53', '28', '59', '91950', '2', '1.9', '2', '0', '0', '0', '1', '0', '0', '0', '0', '0', '0'),
(2260, '2745', '51', '27', '10', '92121', '2', '0.2', '1', '86', '0', '0', '0', '0', '0', '0', '0', '0', '0'),
(2261, '1514', '45', '21', '183', '95211', '2', '1.4', '1', '354', '0', '0', '0', '0', '0', '1', '0', '0', '0'),
(2262, '1737', '57', '31', '131', '95133', '2', '2.7', '1', '394', '0', '0', '0', '1', '0', '0', '0', '0', '0'),
(2263, '3935', '35', '11', '68', '94923', '2', '0', '1', '126', '0', '0', '0', '1', '0', '0', '0', '0', '0'),
(2264, '198', '55', '31', '9', '91345', '4', '0.7', '1', '89', '0', '0', '1', '0', '0', '0', '0', '0', '0'),
(2265, '666', '54', '24', '61', '92866', '4', '2', '3', '0', '1', '0', '1', '0', '0', '0', '0', '0', '0'),
(2266, '4658', '41', '16', '9', '90089', '2', '0.3', '2', '0', '0', '0', '0', '1', '0', '0', '0', '0', '0'),
(2267, '527', '26', '2', '205', '93106', '1', '6.33', '1', '271', '0', '0', '0', '1', '0', '1', '0', '0', '0'),
(2268, '4450', '30', '6', '44', '95211', '1', '0.2', '3', '0', '0', '0', '0', '1', '0', '0', '0', '0', '0'),
(2269, '846', '44', '17', '29', '94706', '3', '1', '2', '0', '0', '0', '1', '1', '0', '0', '0', '0', '0'),
(2270, '4900', '54', '29', '85', '94928', '4', '1.3', '3', '299', '0', '0', '1', '0', '0', '0', '0', '0', '0'),
(2271, '1532', '39', '13', '25', '90304', '4', '1.5', '3', '0', '0', '0', '1', '0', '0', '0', '0', '0', '0'),
(2272, '4094', '49', '24', '138', '93111', '2', '2.2', '2', '0', '0', '0', '1', '0', '0', '0', '1', '1', '0'),
(2273, '3108', '41', '17', '55', '92374', '2', '1.7', '1', '0', '0', '0', '0', '0', '0', '0', '0', '0', '0'),
(2274, '1615', '47', '23', '89', '94920', '1', '2.6', '2', '0', '1', '1', '1', '1', '0', '0', '0', '0', '0'),
(2275, '2043', '41', '17', '121', '94102', '1', '0.3', '1', '0', '0', '0', '1', '0', '0', '0', '0', '0', '0'),
(2276, '1401', '32', '8', '78', '90401', '4', '0.1', '2', '0', '0', '0', '1', '0', '0', '0', '0', '0', '0'),
(2277, '575', '29', '5', '80', '94709', '2', '2', '2', '0', '0', '0', '1', '1', '0', '0', '0', '0', '0'),
(2278, '3751', '57', '32', '52', '90266', '3', '0.5', '2', '0', '0', '0', '1', '0', '0', '0', '0', '0', '0'),
(2279, '3323', '41', '16', '104', '92008', '1', '4', '3', '0', '0', '1', '1', '1', '0', '0', '1', '1', '0'),
(2280, '1545', '39', '15', '24', '92123', '1', '1', '1', '116', '0', '0', '1', '1', '0', '0', '0', '0', '0'),
(2281, '2128', '40', '14', '179', '94720', '2', '0', '1', '0', '0', '0', '0', '0', '0', '1', '0', '0', '0'),
(2282, '754', '49', '23', '49', '94720', '1', '1.2', '2', '0', '0', '0', '1', '1', '0', '0', '0', '0', '0'),
(2283, '4421', '62', '38', '149', '92130', '1', '4.7', '1', '0', '0', '0', '1', '0', '0', '0', '0', '0', '0'),
(2284, '1939', '30', '4', '38', '90245', '1', '1.9', '3', '0', '0', '0', '1', '0', '0', '0', '0', '0', '0'),
(2285, '4960', '51', '27', '55', '93014', '1', '1.6', '2', '197', '1', '0', '1', '0', '0', '0', '0', '0', '0'),
(2286, '3352', '52', '26', '191', '92121', '1', '1.7', '1', '0', '0', '0', '1', '0', '0', '1', '0', '0', '0'),
(2287, '2184', '34', '8', '29', '90025', '2', '2', '3', '0', '0', '0', '1', '1', '0', '0', '0', '0', '0'),
(2288, '501', '59', '33', '34', '92177', '2', '0.3', '1', '0', '0', '0', '0', '0', '0', '0', '0', '0', '0'),
(2289, '620', '57', '27', '73', '93106', '1', '3', '3', '0', '0', '0', '0', '0', '0', '0', '0', '0', '0'),
(2290, '4181', '36', '6', '11', '92008', '1', '0.67', '3', '0', '1', '1', '1', '1', '0', '0', '0', '0', '0'),
(2291, '3351', '28', '3', '95', '90245', '2', '1.8', '2', '0', '0', '0', '0', '0', '0', '0', '0', '0', '0'),
(2292, '832', '61', '31', '49', '94066', '4', '1.67', '3', '0', '0', '0', '1', '0', '0', '0', '0', '0', '0'),
(2293, '4812', '36', '12', '123', '90502', '2', '3', '3', '0', '0', '0', '0', '0', '0', '0', '1', '1', '0'),
(2294, '3392', '55', '29', '94', '94109', '1', '0.8', '3', '221', '0', '0', '0', '0', '0', '0', '0', '0', '0'),
(2295, '3518', '30', '6', '95', '94234', '1', '3.9', '3', '146', '0', '0', '0', '1', '0', '0', '1', '1', '0'),
(2296, '4120', '30', '5', '85', '92624', '4', '1.8', '3', '0', '0', '0', '1', '0', '0', '0', '0', '0', '0'),
(2297, '234', '62', '37', '58', '91320', '4', '1.7', '1', '0', '0', '0', '1', '0', '0', '0', '0', '0', '0'),
(2298, '1706', '48', '24', '79', '90245', '4', '1.4', '2', '0', '1', '0', '0', '1', '0', '0', '0', '0', '0'),
(2299, '981', '38', '13', '114', '92697', '1', '1', '3', '0', '0', '0', '1', '1', '0', '0', '0', '0', '0'),
(2300, '4438', '63', '38', '63', '92507', '2', '1.5', '1', '0', '0', '0', '1', '0', '0', '0', '0', '0', '0'),
(2301, '430', '37', '13', '78', '94998', '4', '0.1', '2', '0', '0', '0', '1', '0', '0', '0', '0', '0', '0'),
(2302, '3954', '50', '26', '52', '93555', '4', '0.1', '3', '0', '0', '0', '0', '0', '0', '0', '0', '0', '0'),
(2303, '3814', '62', '37', '19', '91343', '3', '1.3', '2', '97', '0', '0', '1', '0', '0', '0', '0', '0', '0'),
(2304, '836', '58', '33', '142', '92691', '2', '3.9', '1', '193', '0', '0', '1', '1', '0', '0', '0', '0', '0'),
(2305, '3955', '32', '7', '134', '93108', '2', '3.1', '1', '0', '0', '0', '0', '0', '0', '0', '0', '0', '0'),
(2306, '2475', '64', '38', '40', '92122', '2', '1', '3', '0', '0', '0', '0', '0', '0', '0', '0', '0', '0'),
(2307, '3126', '46', '20', '18', '92521', '1', '0.2', '1', '0', '0', '0', '1', '1', '0', '0', '0', '0', '0'),
(2308, '3053', '54', '30', '75', '94720', '2', '3.2', '3', '0', '0', '0', '0', '1', '0', '0', '0', '0', '0'),
(2309, '1000', '60', '35', '18', '92120', '1', '1.5', '2', '0', '0', '0', '1', '1', '0', '0', '0', '0', '0'),
(2310, '2372', '32', '6', '111', '95014', '2', '1.5', '3', '0', '0', '0', '0', '0', '0', '0', '0', '1', '0'),
(2311, '4225', '57', '27', '39', '95929', '3', '1', '3', '0', '1', '0', '0', '1', '0', '0', '0', '0', '0'),
(2312, '1046', '43', '18', '84', '92096', '1', '4', '3', '0', '0', '0', '0', '0', '0', '0', '0', '0', '0'),
(2313, '3832', '37', '12', '132', '90089', '2', '3.9', '1', '0', '0', '0', '0', '0', '0', '0', '0', '0', '0'),
(2314, '1709', '46', '20', '12', '90250', '4', '0.6', '3', '0', '0', '0', '0', '1', '0', '0', '0', '0', '0'),
(2315, '3597', '44', '20', '88', '94720', '1', '4.7', '1', '0', '0', '0', '0', '0', '0', '0', '0', '0', '0'),
(2316, '1969', '54', '24', '49', '91801', '1', '1.4', '3', '0', '0', '0', '1', '0', '0', '0', '0', '0', '0'),
(2317, '434', '52', '28', '31', '91330', '4', '0.2', '1', '141', '0', '0', '1', '1', '0', '0', '0', '0', '0'),
(2318, '3741', '59', '35', '174', '92660', '1', '4.7', '1', '0', '0', '0', '1', '1', '0', '1', '0', '0', '0'),
(2319, '1333', '31', '5', '21', '94309', '1', '0.4', '2', '0', '0', '0', '1', '0', '0', '0', '0', '0', '0'),
(2320, '2812', '36', '12', '62', '94065', '4', '0.1', '2', '145', '0', '0', '0', '0', '0', '0', '0', '0', '0'),
(2321, '673', '51', '27', '23', '96651', '1', '0.2', '1', '0', '0', '0', '1', '0', '0', '0', '0', '0', '0'),
(2322, '3459', '48', '23', '191', '95053', '2', '2.8', '1', '231', '0', '0', '0', '1', '0', '1', '0', '0', '0'),
(2323, '4459', '48', '22', '90', '94590', '2', '0.8', '3', '205', '0', '0', '0', '0', '0', '0', '0', '0', '0'),
(2324, '4701', '31', '7', '170', '95006', '1', '6', '1', '0', '0', '0', '1', '0', '0', '0', '0', '0', '0'),
(2325, '4980', '50', '26', '92', '90740', '1', '2.6', '2', '213', '0', '0', '0', '1', '0', '0', '0', '0', '0'),
(2326, '4513', '46', '22', '25', '95747', '4', '0.6', '1', '0', '0', '0', '1', '1', '0', '0', '0', '0', '0'),
(2327, '4889', '25', '1', '121', '93106', '1', '5.4', '1', '158', '0', '0', '1', '0', '0', '0', '0', '0', '0'),
(2328, '2916', '34', '9', '133', '92110', '1', '3.8', '1', '0', '0', '0', '1', '0', '0', '0', '0', '0', '0'),
(2329, '664', '46', '20', '49', '90503', '3', '2.2', '2', '0', '0', '0', '0', '0', '0', '0', '0', '0', '0'),
(2330, '3160', '57', '33', '62', '92831', '3', '2.67', '1', '240', '0', '0', '0', '0', '0', '0', '0', '0', '0'),
(2331, '2334', '45', '21', '61', '95812', '3', '0.7', '1', '0', '1', '1', '1', '1', '0', '0', '0', '0', '0'),
(2332, '2325', '41', '11', '35', '93107', '1', '0.75', '3', '114', '0', '0', '1', '0', '0', '0', '0', '0', '0'),
(2333, '1995', '32', '8', '183', '94080', '1', '6', '1', '0', '0', '0', '0', '0', '0', '1', '0', '0', '1'),
(2334, '1249', '44', '19', '35', '94305', '4', '0', '2', '0', '0', '0', '1', '0', '0', '0', '0', '0', '0'),
(2335, '4582', '37', '13', '59', '94234', '1', '1.5', '3', '0', '0', '0', '0', '1', '0', '0', '0', '0', '0'),
(2336, '135', '53', '29', '98', '95035', '3', '1.8', '2', '0', '0', '0', '0', '0', '0', '0', '0', '0', '0'),
(2337, '2086', '50', '24', '45', '94105', '3', '0.6', '2', '117', '0', '0', '1', '0', '0', '0', '0', '0', '0'),
(2338, '519', '28', '4', '34', '92677', '1', '1.8', '2', '0', '0', '0', '1', '0', '0', '0', '0', '0', '0'),
(2339, '4057', '51', '25', '113', '91320', '2', '6.3', '1', '0', '0', '0', '0', '0', '0', '0', '0', '0', '0'),
(2340, '4901', '26', '1', '74', '90028', '4', '2.2', '1', '0', '0', '0', '1', '0', '0', '0', '0', '0', '0'),
(2341, '384', '44', '18', '53', '94608', '1', '0.2', '1', '0', '0', '0', '1', '0', '0', '0', '0', '0', '0'),
(2342, '3171', '43', '16', '65', '94110', '3', '2.67', '2', '100', '0', '0', '0', '0', '0', '0', '0', '0', '0'),
(2343, '4565', '58', '32', '28', '90095', '2', '0.3', '1', '148', '0', '0', '0', '0', '0', '0', '0', '0', '0'),
(2344, '335', '48', '23', '45', '95053', '1', '1.3', '2', '0', '0', '0', '1', '0', '0', '0', '0', '0', '0'),
(2345, '3547', '65', '40', '34', '94720', '1', '1.1', '3', '119', '0', '0', '1', '1', '0', '0', '0', '0', '0'),
(2346, '899', '57', '32', '63', '94111', '4', '0.7', '1', '0', '0', '0', '1', '0', '0', '0', '0', '0', '0'),
(2347, '2994', '65', '40', '20', '92647', '3', '0.1', '3', '0', '0', '0', '0', '1', '0', '0', '0', '0', '0'),
(2348, '1091', '31', '5', '79', '94720', '4', '2.2', '2', '0', '0', '0', '0', '0', '0', '0', '0', '0', '0'),
(2349, '3756', '55', '25', '42', '94115', '3', '1', '3', '0', '0', '0', '1', '0', '0', '0', '0', '0', '0'),
(2350, '1519', '43', '17', '64', '95053', '4', '3', '3', '221', '0', '0', '1', '0', '0', '0', '0', '0', '0'),
(2351, '3570', '41', '15', '24', '92130', '2', '0.8', '3', '0', '1', '0', '1', '0', '0', '0', '0', '0', '0'),
(2352, '778', '55', '31', '12', '95060', '2', '0.2', '1', '76', '0', '0', '1', '1', '0', '0', '0', '0', '0'),
(2353, '1337', '36', '12', '42', '93555', '1', '1.33', '1', '0', '0', '0', '1', '0', '0', '0', '0', '0', '0'),
(2354, '1752', '55', '31', '25', '94720', '2', '0.2', '1', '0', '0', '0', '0', '0', '0', '0', '0', '0', '0'),
(2355, '3758', '45', '21', '142', '91101', '1', '1.4', '2', '0', '0', '0', '1', '0', '0', '0', '1', '1', '0'),
(2356, '3581', '41', '16', '62', '94553', '2', '2.2', '3', '0', '0', '0', '1', '1', '0', '0', '0', '0', '0'),
(2357, '1462', '54', '28', '48', '93022', '1', '0.2', '1', '0', '0', '0', '1', '0', '0', '0', '0', '0', '0'),
(2358, '2676', '31', '1', '70', '92115', '2', '1.75', '3', '0', '0', '1', '1', '1', '0', '0', '0', '0', '0'),
(2359, '4907', '54', '28', '49', '94608', '1', '2.2', '3', '128', '0', '0', '0', '0', '0', '0', '0', '0', '0'),
(2360, '4546', '61', '35', '35', '90025', '2', '0.2', '3', '0', '0', '0', '1', '0', '0', '0', '0', '0', '0'),
(2361, '3333', '36', '9', '49', '94402', '2', '1.67', '2', '0', '0', '0', '0', '1', '0', '0', '0', '0', '0'),
(2362, '1141', '32', '6', '13', '94611', '4', '0.3', '1', '0', '0', '0', '1', '1', '0', '0', '0', '0', '0'),
(2363, '4506', '40', '15', '90', '94063', '4', '1.1', '2', '0', '1', '0', '1', '0', '0', '0', '0', '0', '0'),
(2364, '4347', '45', '21', '33', '94970', '3', '0.5', '1', '136', '0', '1', '1', '1', '0', '0', '0', '0', '0'),
(2365, '4833', '29', '4', '83', '91950', '4', '2.2', '2', '0', '0', '0', '1', '1', '0', '0', '0', '0', '0'),
(2366, '885', '38', '13', '55', '91709', '2', '1.1', '2', '0', '0', '0', '1', '0', '0', '0', '0', '0', '0'),
(2367, '4234', '32', '7', '134', '95929', '2', '3.3', '1', '0', '0', '0', '1', '0', '0', '0', '0', '0', '0'),
(2368, '1610', '66', '41', '105', '93023', '1', '0.8', '3', '0', '1', '1', '1', '1', '0', '0', '0', '1', '0'),
(2369, '2088', '51', '27', '188', '94305', '2', '6.9', '2', '343', '0', '0', '1', '0', '0', '1', '1', '1', '0'),
(2370, '4445', '36', '10', '73', '95035', '2', '2.8', '1', '0', '0', '0', '1', '1', '0', '0', '0', '0', '0'),
(2371, '2223', '45', '20', '41', '95008', '1', '0.3', '1', '0', '0', '0', '1', '0', '0', '0', '0', '0', '0'),
(2372, '2319', '60', '34', '23', '94803', '1', '0.8', '2', '112', '0', '0', '1', '0', '0', '0', '0', '0', '0'),
(2373, '2794', '57', '33', '122', '94301', '2', '6', '1', '153', '1', '1', '1', '1', '0', '0', '0', '0', '0'),
(2374, '1773', '36', '11', '15', '94720', '2', '0.3', '2', '119', '0', '0', '0', '0', '0', '0', '0', '0', '0'),
(2375, '260', '56', '30', '55', '94107', '1', '1.4', '1', '77', '0', '0', '1', '0', '0', '0', '0', '0', '0'),
(2376, '2853', '54', '29', '183', '93105', '1', '8.1', '1', '0', '0', '0', '1', '1', '0', '1', '0', '0', '0'),
(2377, '1546', '55', '29', '131', '92675', '2', '2.7', '1', '0', '1', '0', '0', '0', '0', '0', '0', '0', '0'),
(2378, '3754', '30', '4', '34', '95351', '2', '0.3', '2', '0', '0', '0', '1', '1', '0', '0', '0', '0', '0'),
(2379, '599', '56', '31', '11', '92374', '2', '0.2', '3', '90', '0', '0', '0', '0', '0', '0', '0', '0', '0'),
(2380, '811', '32', '6', '41', '92182', '2', '2', '3', '0', '0', '0', '0', '0', '0', '0', '0', '0', '0'),
(2381, '4042', '45', '19', '40', '95060', '1', '0.2', '1', '0', '1', '1', '1', '1', '0', '0', '0', '0', '0'),
(2382, '2203', '49', '24', '43', '94709', '4', '1.9', '3', '0', '0', '0', '1', '0', '0', '0', '0', '0', '0'),
(2383, '3638', '39', '14', '104', '94608', '3', '1', '1', '242', '0', '0', '1', '0', '0', '0', '0', '0', '0'),
(2384, '331', '54', '30', '78', '92374', '4', '1', '2', '0', '0', '0', '1', '0', '0', '0', '0', '0', '0'),
(2385, '3868', '44', '19', '61', '94080', '3', '2.7', '2', '0', '0', '0', '0', '0', '0', '0', '0', '0', '0'),
(2386, '4341', '34', '10', '92', '90024', '2', '2.7', '1', '0', '1', '1', '0', '1', '0', '0', '0', '0', '0'),
(2387, '4317', '30', '6', '95', '91950', '2', '0.2', '1', '0', '1', '0', '1', '0', '0', '0', '0', '0', '0'),
(2388, '714', '34', '9', '84', '92009', '3', '0.6', '2', '0', '0', '0', '1', '0', '0', '0', '0', '0', '0'),
(2389, '3486', '39', '13', '39', '92103', '2', '0.8', '3', '0', '0', '0', '0', '0', '0', '0', '0', '0', '0'),
(2390, '6', '37', '13', '29', '92121', '4', '0.4', '2', '155', '0', '0', '1', '0', '0', '0', '0', '0', '0'),
(2391, '4444', '38', '14', '48', '90034', '1', '1.8', '1', '169', '0', '0', '0', '0', '0', '0', '0', '0', '0'),
(2392, '4447', '61', '35', '61', '92177', '3', '2.2', '3', '117', '0', '0', '1', '1', '0', '0', '0', '0', '0'),
(2393, '2697', '63', '37', '78', '91711', '4', '1.7', '3', '0', '0', '0', '1', '0', '0', '0', '0', '0', '0'),
(2394, '725', '64', '38', '92', '94086', '1', '2', '1', '0', '0', '0', '1', '0', '0', '0', '0', '0', '0'),
(2395, '2789', '45', '20', '30', '96003', '1', '0.1', '1', '0', '0', '0', '1', '0', '0', '0', '0', '0', '0'),
(2396, '4962', '39', '14', '108', '91401', '3', '1.2', '3', '0', '0', '0', '1', '1', '0', '0', '0', '1', '0'),
(2397, '925', '55', '30', '32', '91330', '4', '0.1', '3', '0', '1', '0', '0', '0', '0', '0', '0', '0', '0'),
(2398, '4790', '58', '34', '84', '95120', '4', '1.6', '2', '0', '0', '0', '1', '0', '0', '0', '0', '0', '0'),
(2399, '4349', '59', '33', '99', '92093', '2', '2.7', '1', '0', '0', '0', '0', '0', '0', '0', '0', '0', '0'),
(2400, '3560', '51', '25', '68', '94065', '1', '1.5', '2', '0', '0', '0', '0', '0', '0', '0', '0', '0', '0'),
(2401, '2917', '46', '20', '40', '92037', '1', '1.2', '2', '0', '0', '0', '1', '0', '0', '0', '0', '0', '0'),
(2402, '1618', '61', '36', '44', '91302', '4', '2.1', '1', '0', '0', '0', '0', '0', '0', '0', '0', '0', '0'),
(2403, '1646', '56', '32', '89', '92096', '4', '1', '2', '90', '1', '0', '1', '0', '0', '0', '0', '0', '0'),
(2404, '3937', '43', '18', '63', '95616', '3', '0.8', '3', '0', '1', '0', '0', '0', '0', '0', '0', '0', '0'),
(2405, '518', '54', '27', '43', '92834', '3', '1', '2', '169', '0', '0', '0', '0', '0', '0', '0', '0', '0'),
(2406, '2786', '34', '9', '31', '92521', '4', '1.1', '3', '85', '1', '1', '1', '1', '0', '0', '0', '0', '0'),
(2407, '1395', '52', '27', '33', '90095', '2', '0.7', '2', '0', '0', '0', '0', '1', '0', '0', '0', '0', '0'),
(2408, '3914', '45', '20', '62', '92064', '3', '0.8', '3', '172', '0', '0', '1', '0', '0', '0', '0', '0', '0'),
(2409, '691', '59', '34', '52', '94115', '2', '1.6', '3', '75', '0', '0', '1', '0', '0', '0', '0', '0', '0'),
(2410, '3288', '39', '13', '32', '90747', '2', '0.8', '3', '0', '0', '0', '1', '0', '0', '0', '0', '0', '0'),
(2411, '993', '34', '9', '93', '94608', '1', '0', '1', '0', '0', '0', '1', '0', '0', '0', '0', '0', '0'),
(2412, '1352', '59', '35', '84', '94588', '1', '1.8', '3', '0', '0', '0', '1', '1', '0', '0', '0', '0', '0'),
(2413, '4930', '62', '36', '39', '92028', '2', '0.3', '1', '0', '0', '0', '1', '0', '0', '0', '0', '0', '0'),
(2414, '1732', '43', '19', '125', '92122', '3', '2.4', '1', '0', '0', '0', '1', '0', '0', '0', '1', '1', '0'),
(2415, '4154', '50', '26', '148', '94608', '2', '6.8', '1', '0', '0', '0', '1', '0', '0', '0', '0', '0', '0'),
(2416, '1373', '39', '13', '139', '95616', '3', '3.4', '1', '483', '0', '0', '1', '0', '0', '0', '1', '1', '0'),
(2417, '1644', '41', '16', '13', '91125', '2', '0', '3', '0', '0', '0', '1', '0', '0', '0', '0', '0', '0'),
(2418, '1941', '57', '33', '55', '92630', '1', '1.8', '3', '0', '0', '0', '1', '0', '0', '0', '0', '0', '0'),
(2419, '3272', '52', '27', '93', '90291', '4', '4.1', '2', '0', '0', '0', '0', '1', '0', '0', '0', '0', '0'),
(2420, '4439', '43', '18', '22', '90025', '2', '0', '3', '0', '0', '0', '0', '0', '0', '0', '0', '0', '0'),
(2421, '171', '27', '1', '138', '90250', '2', '2', '1', '0', '0', '0', '1', '0', '0', '0', '0', '0', '0'),
(2422, '3103', '49', '25', '30', '90095', '4', '0.9', '2', '0', '0', '0', '0', '1', '0', '0', '0', '0', '0'),
(2423, '3501', '51', '26', '90', '94110', '1', '2.8', '2', '0', '0', '0', '1', '1', '0', '0', '0', '0', '0'),
(2424, '919', '41', '16', '64', '92325', '3', '0.5', '3', '0', '0', '0', '0', '0', '0', '0', '0', '0', '0'),
(2425, '2284', '54', '28', '79', '92677', '4', '2.6', '3', '0', '0', '0', '0', '0', '0', '0', '0', '0', '0'),
(2426, '1528', '57', '33', '45', '94117', '1', '1.8', '3', '195', '0', '0', '0', '0', '0', '0', '0', '0', '0'),
(2427, '1603', '40', '14', '74', '90245', '4', '1.4', '2', '0', '0', '0', '1', '0', '0', '0', '0', '0', '0'),
(2428, '4670', '27', '1', '64', '94501', '4', '1.8', '2', '0', '0', '0', '1', '1', '0', '0', '0', '0', '0'),
(2429, '3984', '39', '13', '93', '93555', '4', '3.6', '3', '0', '0', '0', '1', '0', '0', '0', '1', '1', '0'),
(2430, '3968', '40', '15', '22', '94306', '1', '0.6', '3', '0', '0', '0', '1', '0', '0', '0', '0', '0', '0'),
(2431, '2114', '57', '33', '25', '92064', '2', '1', '1', '0', '0', '0', '1', '0', '0', '0', '0', '0', '0'),
(2432, '4794', '45', '21', '59', '94703', '2', '2.5', '1', '155', '0', '0', '1', '0', '0', '0', '0', '0', '0'),
(2433, '3549', '40', '16', '41', '91107', '1', '2', '2', '0', '0', '0', '0', '1', '0', '0', '0', '0', '0'),
(2434, '3283', '45', '21', '91', '95054', '1', '4.7', '1', '0', '0', '0', '1', '0', '0', '0', '0', '0', '0'),
(2435, '3238', '35', '9', '22', '94085', '3', '0.1', '2', '0', '0', '1', '1', '1', '0', '0', '0', '0', '0'),
(2436, '3602', '37', '13', '75', '94305', '3', '2.6', '2', '0', '1', '0', '0', '0', '0', '0', '0', '0', '0'),
(2437, '372', '58', '34', '19', '92029', '4', '0.7', '1', '0', '0', '0', '0', '0', '0', '0', '0', '0', '0'),
(2438, '2393', '44', '20', '138', '94143', '2', '3.3', '1', '0', '0', '0', '0', '1', '0', '0', '0', '0', '0'),
(2439, '19', '46', '21', '193', '91604', '2', '8.1', '3', '0', '0', '0', '0', '0', '0', '1', '1', '1', '0'),
(2440, '3619', '35', '8', '48', '92697', '2', '1', '2', '0', '0', '0', '1', '0', '0', '0', '0', '0', '0'),
(2441, '4855', '44', '20', '105', '91730', '1', '4.7', '1', '0', '0', '0', '0', '1', '0', '0', '0', '0', '0'),
(2442, '1578', '34', '8', '65', '92093', '1', '3', '1', '227', '0', '0', '1', '0', '0', '0', '0', '0', '0'),
(2443, '4661', '59', '35', '38', '92122', '1', '0.8', '1', '0', '0', '0', '1', '0', '0', '0', '0', '0', '0'),
(2444, '2225', '38', '12', '29', '92084', '2', '1.4', '3', '0', '0', '0', '1', '0', '0', '0', '0', '0', '0'),
(2445, '298', '55', '25', '70', '93720', '3', '1.4', '3', '0', '0', '0', '1', '0', '0', '0', '0', '0', '0'),
(2446, '2777', '46', '20', '140', '93106', '2', '6.3', '1', '380', '0', '0', '1', '1', '0', '0', '0', '0', '0'),
(2447, '1701', '43', '16', '71', '90089', '3', '2.33', '2', '0', '0', '0', '0', '0', '0', '0', '0', '0', '0'),
(2448, '814', '50', '25', '130', '94720', '1', '1.1', '2', '0', '0', '0', '1', '0', '0', '0', '1', '1', '0'),
(2449, '3474', '59', '34', '52', '92173', '4', '0.7', '1', '0', '1', '0', '0', '0', '0', '0', '0', '0', '0'),
(2450, '355', '44', '20', '173', '90277', '2', '1.4', '1', '419', '0', '0', '1', '0', '0', '1', '0', '0', '0'),
(2451, '3328', '42', '18', '164', '93407', '1', '1.3', '3', '0', '1', '1', '1', '1', '0', '0', '1', '1', '0'),
(2452, '864', '54', '30', '70', '90095', '1', '1.6', '3', '265', '0', '0', '0', '0', '0', '0', '0', '0', '0'),
(2453, '1829', '30', '4', '25', '92123', '2', '0.3', '2', '0', '0', '0', '0', '0', '0', '0', '0', '0', '0'),
(2454, '2054', '58', '32', '85', '92110', '2', '2', '1', '161', '1', '1', '1', '1', '0', '0', '0', '0', '0'),
(2455, '2357', '31', '5', '184', '92064', '4', '3.4', '2', '0', '0', '1', '1', '1', '0', '1', '1', '1', '0'),
(2456, '1826', '56', '32', '161', '94720', '1', '5.8', '3', '0', '1', '0', '0', '0', '0', '0', '1', '1', '0'),
(2457, '4178', '47', '23', '75', '93106', '1', '2.6', '2', '0', '0', '0', '0', '1', '0', '0', '0', '0', '0'),
(2458, '4150', '41', '15', '53', '93106', '1', '0.7', '3', '0', '0', '0', '1', '0', '0', '0', '0', '0', '0'),
(2459, '2374', '33', '9', '184', '94304', '2', '4.8', '2', '0', '0', '0', '0', '0', '0', '1', '1', '1', '0'),
(2460, '1174', '24', '-1', '35', '94305', '2', '1.7', '2', '0', '0', '0', '0', '0', '0', '0', '0', '0', '0');
INSERT INTO `remote_user_loan_status_prediction` (`id`, `Idno`, `Age`, `Experience`, `Income`, `ZIP_Code`, `Family`, `CCAvg`, `Education`, `Mortgage`, `Securities_Account`, `CD_Account`, `Online`, `CreditCard`, `prediction_svm`, `prediction_Logistic`, `prediction_rfc`, `prediction_dtc`, `prediction_knc`) VALUES
(2461, '966', '62', '36', '135', '94301', '2', '5.2', '2', '0', '0', '0', '1', '0', '0', '0', '1', '1', '0'),
(2462, '481', '54', '29', '68', '94998', '3', '1.6', '3', '0', '0', '0', '1', '1', '0', '0', '0', '0', '0'),
(2463, '558', '39', '15', '118', '95039', '2', '1.9', '1', '0', '0', '0', '0', '1', '0', '0', '0', '0', '0'),
(2464, '3172', '39', '12', '62', '91910', '3', '2.33', '2', '0', '0', '0', '0', '0', '0', '0', '0', '0', '0'),
(2465, '4986', '48', '23', '30', '94720', '3', '1.7', '2', '162', '0', '0', '1', '0', '0', '0', '0', '0', '0'),
(2466, '4406', '61', '35', '83', '91320', '2', '1.7', '3', '245', '0', '0', '1', '0', '0', '0', '0', '0', '0'),
(2467, '4361', '67', '43', '41', '90024', '2', '1.1', '1', '0', '0', '0', '0', '0', '0', '0', '0', '0', '0'),
(2468, '4550', '53', '29', '41', '94080', '2', '0.8', '1', '0', '0', '0', '1', '0', '0', '0', '0', '0', '0'),
(2469, '857', '62', '38', '42', '94025', '1', '1.8', '3', '0', '0', '0', '0', '0', '0', '0', '0', '0', '0'),
(2470, '3166', '63', '37', '140', '91711', '2', '6.9', '1', '97', '0', '0', '0', '1', '0', '0', '0', '0', '0'),
(2471, '824', '35', '9', '45', '90509', '1', '2', '1', '0', '0', '0', '1', '1', '0', '0', '0', '0', '0'),
(2472, '2903', '56', '30', '50', '94022', '4', '2.8', '2', '0', '1', '0', '1', '0', '0', '0', '0', '0', '0'),
(2473, '818', '41', '15', '38', '90291', '2', '0.7', '1', '91', '0', '0', '1', '0', '0', '0', '0', '0', '0'),
(2474, '2839', '30', '6', '181', '94542', '3', '4.1', '2', '0', '0', '1', '1', '1', '0', '1', '1', '1', '0'),
(2475, '3948', '32', '8', '119', '94710', '4', '5', '3', '0', '0', '0', '1', '0', '0', '0', '1', '1', '0'),
(2476, '1022', '35', '8', '41', '92612', '2', '1', '2', '0', '0', '0', '1', '1', '0', '0', '0', '0', '0'),
(2477, '682', '34', '9', '164', '94720', '1', '6', '3', '0', '0', '0', '1', '0', '0', '0', '1', '1', '1'),
(2478, '4203', '35', '9', '82', '95064', '3', '0.9', '2', '0', '0', '0', '1', '0', '0', '0', '0', '0', '0'),
(2479, '1470', '59', '35', '59', '90005', '4', '1.2', '2', '0', '0', '0', '1', '0', '0', '0', '0', '0', '0'),
(2480, '4944', '26', '0', '12', '96003', '1', '0.1', '2', '0', '0', '0', '1', '0', '0', '0', '0', '0', '0'),
(2481, '928', '65', '40', '95', '95014', '3', '3.7', '2', '138', '0', '0', '0', '1', '0', '0', '0', '0', '0'),
(2482, '2338', '43', '16', '201', '95054', '1', '10', '2', '0', '0', '0', '0', '1', '0', '1', '1', '1', '1'),
(2483, '1909', '50', '26', '22', '92037', '4', '0.5', '2', '112', '0', '0', '1', '0', '0', '0', '0', '0', '0'),
(2484, '2079', '35', '11', '21', '95814', '2', '1', '2', '0', '0', '0', '0', '0', '0', '0', '0', '0', '0'),
(2485, '118', '58', '33', '61', '92833', '2', '2.3', '3', '193', '0', '0', '1', '0', '0', '0', '0', '0', '0'),
(2486, '2807', '53', '27', '59', '90740', '2', '0.8', '3', '0', '0', '0', '1', '0', '0', '0', '0', '0', '0'),
(2487, '2767', '58', '32', '108', '95123', '3', '4.4', '1', '0', '0', '0', '1', '0', '0', '0', '0', '0', '0'),
(2488, '681', '61', '36', '51', '94706', '3', '1.5', '1', '0', '0', '0', '0', '1', '0', '0', '0', '0', '0'),
(2489, '4886', '54', '30', '28', '92103', '2', '0.8', '1', '0', '0', '0', '1', '0', '0', '0', '0', '0', '0'),
(2490, '3517', '45', '21', '38', '93943', '3', '0.6', '2', '148', '0', '0', '1', '0', '0', '0', '0', '0', '0'),
(2491, '4587', '58', '32', '61', '91910', '3', '2.2', '3', '0', '0', '0', '1', '1', '0', '0', '0', '0', '0'),
(2492, '3229', '27', '2', '45', '94305', '2', '1.7', '2', '0', '0', '0', '0', '1', '0', '0', '0', '0', '0'),
(2493, '747', '62', '37', '85', '95051', '4', '3.4', '2', '0', '0', '0', '1', '0', '0', '0', '0', '0', '0'),
(2494, '1650', '29', '4', '73', '95039', '1', '0.8', '2', '0', '0', '0', '1', '0', '0', '0', '0', '0', '0'),
(2495, '1638', '30', '6', '193', '94022', '3', '6.3', '3', '0', '0', '0', '1', '0', '0', '1', '1', '1', '0'),
(2496, '2531', '56', '30', '31', '90024', '4', '1.5', '3', '0', '0', '0', '1', '0', '0', '0', '0', '0', '0'),
(2497, '3065', '59', '33', '83', '94701', '3', '4.4', '1', '0', '0', '0', '1', '0', '0', '0', '0', '0', '0'),
(2498, '4162', '32', '8', '61', '94703', '3', '2.6', '2', '0', '0', '0', '0', '0', '0', '0', '0', '0', '0'),
(2499, '955', '37', '12', '169', '91107', '2', '5.2', '3', '249', '0', '0', '1', '0', '0', '1', '1', '1', '0'),
(2500, '159', '32', '6', '79', '94720', '2', '1.5', '3', '0', '0', '0', '1', '1', '0', '0', '0', '0', '0'),
(2501, '4274', '44', '19', '83', '95812', '2', '3.8', '3', '0', '1', '0', '0', '1', '0', '0', '0', '0', '0'),
(2502, '2919', '28', '3', '142', '93727', '1', '0.8', '1', '0', '0', '0', '1', '0', '0', '0', '0', '0', '0'),
(2503, '4405', '29', '5', '34', '94301', '1', '0.4', '3', '0', '0', '0', '0', '0', '0', '0', '0', '0', '0'),
(2504, '3806', '29', '5', '84', '93109', '3', '0.8', '1', '0', '0', '0', '0', '0', '0', '0', '0', '0', '0'),
(2505, '3743', '32', '8', '181', '94596', '1', '6', '1', '0', '0', '1', '1', '1', '0', '1', '0', '0', '1'),
(2506, '2430', '33', '7', '58', '95616', '4', '2.2', '2', '0', '0', '0', '1', '1', '0', '0', '0', '0', '0'),
(2507, '2815', '54', '28', '53', '94002', '1', '2.2', '3', '0', '0', '0', '1', '1', '0', '0', '0', '0', '0'),
(2508, '1510', '56', '26', '92', '92647', '2', '4.5', '3', '0', '1', '0', '0', '1', '0', '0', '0', '0', '0'),
(2509, '2117', '44', '17', '70', '94920', '3', '2.67', '2', '0', '0', '0', '0', '0', '0', '0', '0', '0', '0'),
(2510, '1191', '39', '15', '168', '93117', '2', '8', '1', '152', '1', '0', '0', '0', '0', '1', '0', '0', '0'),
(2511, '3004', '52', '28', '44', '90747', '3', '1.9', '2', '0', '0', '0', '0', '1', '0', '0', '0', '0', '0'),
(2512, '4325', '49', '24', '13', '94538', '4', '0.8', '1', '111', '0', '0', '1', '0', '0', '0', '0', '0', '0'),
(2513, '3793', '62', '36', '109', '92709', '4', '1.7', '3', '0', '0', '0', '1', '0', '0', '0', '0', '0', '0'),
(2514, '4672', '39', '14', '104', '95035', '1', '4', '3', '0', '0', '1', '1', '1', '0', '0', '1', '1', '0'),
(2515, '3247', '41', '17', '81', '95422', '1', '0.8', '2', '223', '0', '0', '1', '0', '0', '0', '0', '0', '0'),
(2516, '82', '47', '22', '40', '94612', '3', '2.7', '2', '0', '0', '0', '1', '0', '0', '0', '0', '0', '0'),
(2517, '968', '55', '30', '73', '92675', '4', '3.8', '2', '0', '0', '0', '1', '0', '0', '0', '0', '0', '0'),
(2518, '279', '50', '26', '21', '91125', '4', '1', '1', '0', '0', '0', '1', '0', '0', '0', '0', '0', '0'),
(2519, '3864', '34', '10', '21', '91770', '4', '0.7', '2', '0', '0', '0', '1', '0', '0', '0', '0', '0', '0'),
(2520, '718', '59', '34', '94', '93940', '3', '0.5', '1', '0', '0', '0', '0', '1', '0', '0', '0', '0', '0'),
(2521, '771', '26', '2', '172', '94551', '2', '6.9', '2', '0', '0', '0', '1', '0', '0', '1', '1', '1', '0'),
(2522, '3748', '26', '0', '83', '91360', '3', '3.9', '2', '0', '0', '0', '1', '0', '0', '0', '0', '1', '0'),
(2523, '2092', '31', '4', '41', '91360', '1', '2', '2', '0', '1', '0', '1', '0', '0', '0', '0', '0', '0'),
(2524, '2780', '59', '35', '168', '95521', '4', '4.1', '2', '0', '0', '0', '1', '0', '0', '0', '1', '1', '0'),
(2525, '1392', '44', '18', '84', '91330', '3', '1.1', '1', '0', '0', '0', '0', '0', '0', '0', '0', '0', '0'),
(2526, '3674', '34', '9', '65', '95134', '4', '1.3', '1', '0', '0', '0', '0', '1', '0', '0', '0', '0', '0'),
(2527, '2778', '59', '33', '91', '94122', '2', '0.7', '2', '0', '0', '0', '1', '1', '0', '0', '0', '0', '0'),
(2528, '717', '29', '5', '31', '96064', '4', '0.4', '2', '161', '0', '0', '1', '1', '0', '0', '0', '0', '0'),
(2529, '3089', '56', '31', '28', '94720', '1', '1.3', '1', '138', '0', '0', '0', '1', '0', '0', '0', '0', '0'),
(2530, '2567', '30', '5', '42', '94305', '1', '1', '1', '184', '0', '0', '0', '0', '0', '0', '0', '0', '0'),
(2531, '4188', '30', '5', '109', '94305', '4', '2.2', '2', '103', '0', '0', '0', '1', '0', '0', '0', '1', '0'),
(2532, '300', '41', '15', '159', '90057', '1', '5.5', '3', '0', '0', '1', '1', '0', '0', '0', '1', '1', '0'),
(2533, '373', '56', '30', '44', '93105', '4', '0.7', '2', '174', '0', '0', '1', '0', '0', '0', '0', '0', '0'),
(2534, '1772', '46', '21', '9', '95023', '2', '0.7', '3', '0', '0', '0', '1', '0', '0', '0', '0', '0', '0'),
(2535, '2792', '44', '20', '182', '94710', '2', '7.6', '1', '0', '0', '0', '0', '0', '0', '1', '0', '0', '0'),
(2536, '109', '33', '7', '32', '95136', '1', '0.6', '3', '166', '0', '0', '1', '0', '0', '0', '0', '0', '0'),
(2537, '1585', '46', '20', '25', '93401', '4', '0.6', '3', '125', '0', '0', '0', '0', '0', '0', '0', '0', '0'),
(2538, '2031', '63', '38', '111', '95814', '2', '3.9', '1', '207', '1', '1', '1', '1', '0', '0', '0', '0', '0'),
(2539, '272', '40', '14', '70', '94923', '4', '1.4', '2', '0', '0', '0', '1', '0', '0', '0', '0', '0', '0'),
(2540, '402', '29', '2', '30', '95747', '4', '1.5', '2', '112', '0', '0', '0', '1', '0', '0', '0', '0', '0'),
(2541, '4947', '51', '26', '42', '93118', '1', '1.3', '2', '0', '0', '0', '1', '0', '0', '0', '0', '0', '0'),
(2542, '770', '33', '6', '78', '90250', '4', '2', '2', '119', '1', '0', '1', '0', '0', '0', '0', '0', '0'),
(2543, '395', '33', '9', '80', '91311', '4', '3.4', '1', '0', '0', '0', '1', '1', '0', '0', '0', '0', '0'),
(2544, '4496', '38', '14', '82', '95616', '4', '2.67', '1', '0', '0', '0', '0', '0', '0', '0', '0', '0', '0'),
(2545, '3430', '39', '14', '28', '91320', '2', '1.4', '2', '108', '0', '0', '0', '1', '0', '0', '0', '0', '0'),
(2546, '3342', '35', '9', '33', '91125', '2', '0.3', '1', '0', '1', '0', '1', '0', '0', '0', '0', '0', '0'),
(2547, '3045', '41', '16', '15', '94124', '2', '0.3', '2', '83', '0', '0', '0', '0', '0', '0', '0', '0', '0'),
(2548, '1215', '61', '36', '15', '92521', '4', '0.4', '2', '0', '0', '0', '0', '0', '0', '0', '0', '0', '0'),
(2549, '3449', '43', '18', '85', '92606', '4', '1.9', '3', '110', '0', '0', '1', '1', '0', '0', '0', '0', '0'),
(2550, '1451', '59', '34', '80', '90086', '3', '0.5', '1', '0', '0', '0', '1', '1', '0', '0', '0', '0', '0'),
(2551, '2091', '50', '25', '79', '95023', '1', '2.9', '1', '307', '0', '0', '0', '1', '0', '0', '0', '0', '0'),
(2552, '4045', '36', '11', '9', '90266', '2', '0.3', '2', '99', '1', '0', '0', '0', '0', '0', '0', '0', '0'),
(2553, '4956', '63', '37', '39', '91207', '2', '0.7', '3', '0', '0', '0', '1', '1', '0', '0', '0', '0', '0'),
(2554, '1635', '59', '34', '18', '95814', '3', '1.3', '2', '104', '0', '1', '1', '1', '0', '0', '0', '0', '0'),
(2555, '169', '50', '26', '13', '91320', '4', '1', '1', '0', '0', '0', '1', '0', '0', '0', '0', '0', '0'),
(2556, '4906', '62', '37', '19', '93109', '3', '0.5', '1', '89', '0', '0', '0', '0', '0', '0', '0', '0', '0'),
(2557, '3489', '40', '15', '51', '94117', '2', '1.1', '2', '131', '0', '0', '1', '0', '0', '0', '0', '0', '0'),
(2558, '1409', '40', '14', '129', '90089', '1', '5.9', '3', '0', '0', '0', '1', '0', '0', '0', '1', '1', '0'),
(2559, '77', '58', '32', '12', '91320', '3', '0.3', '3', '0', '0', '0', '0', '0', '0', '0', '0', '0', '0'),
(2560, '2570', '35', '10', '139', '90024', '1', '4.6', '1', '0', '0', '0', '0', '0', '0', '0', '0', '0', '0'),
(2561, '168', '33', '9', '23', '94305', '3', '0.9', '3', '0', '0', '0', '1', '1', '0', '0', '0', '0', '0'),
(2562, '306', '60', '35', '22', '91207', '1', '1.3', '1', '123', '0', '0', '1', '0', '0', '0', '0', '0', '0'),
(2563, '2172', '35', '11', '42', '93108', '1', '1.5', '3', '0', '0', '0', '1', '0', '0', '0', '0', '0', '0'),
(2564, '3322', '41', '15', '120', '94521', '1', '5.2', '1', '0', '0', '0', '1', '0', '0', '0', '0', '0', '0'),
(2565, '510', '52', '28', '118', '90503', '2', '6.8', '1', '112', '0', '0', '1', '0', '0', '0', '0', '0', '0'),
(2566, '305', '48', '23', '22', '90740', '1', '0.1', '1', '0', '0', '0', '0', '0', '0', '0', '0', '0', '0'),
(2567, '4023', '35', '5', '81', '94234', '4', '4', '3', '0', '0', '0', '1', '0', '0', '0', '0', '0', '0'),
(2568, '4631', '46', '21', '92', '92886', '1', '0.2', '2', '0', '0', '0', '0', '0', '0', '0', '0', '0', '0'),
(2569, '399', '54', '30', '23', '94608', '2', '0.4', '1', '0', '0', '0', '0', '0', '0', '0', '0', '0', '0'),
(2570, '559', '30', '5', '38', '95064', '4', '2', '2', '0', '1', '0', '0', '0', '0', '0', '0', '0', '0'),
(2571, '4127', '58', '33', '23', '90095', '3', '1.3', '2', '131', '0', '0', '0', '0', '0', '0', '0', '0', '0'),
(2572, '2120', '39', '13', '50', '94923', '3', '0.5', '3', '0', '0', '0', '0', '0', '0', '0', '0', '0', '0'),
(2573, '4245', '51', '26', '55', '92121', '3', '2', '2', '93', '0', '0', '1', '0', '0', '0', '0', '0', '0'),
(2574, '1605', '55', '29', '111', '90502', '2', '3.6', '3', '0', '0', '0', '0', '1', '0', '0', '0', '0', '0'),
(2575, '2145', '33', '6', '168', '94720', '3', '5.67', '2', '0', '1', '1', '1', '0', '0', '0', '1', '1', '0'),
(2576, '2997', '42', '18', '103', '91367', '1', '3.33', '1', '0', '1', '1', '1', '1', '0', '0', '0', '1', '0'),
(2577, '2081', '65', '40', '69', '91706', '4', '0.1', '2', '0', '0', '0', '1', '0', '0', '0', '0', '0', '0'),
(2578, '917', '44', '20', '85', '92192', '2', '3.2', '1', '0', '0', '0', '1', '0', '0', '0', '0', '0', '0'),
(2579, '1828', '56', '30', '113', '92704', '2', '2.7', '1', '352', '0', '0', '0', '1', '0', '0', '0', '0', '0'),
(2580, '4024', '51', '25', '175', '90089', '3', '0.7', '1', '312', '0', '0', '0', '0', '0', '1', '1', '1', '0'),
(2581, '3732', '34', '8', '10', '92867', '1', '0.4', '2', '0', '0', '0', '1', '0', '0', '0', '0', '0', '0'),
(2582, '4857', '56', '31', '80', '92069', '4', '1.3', '3', '0', '0', '0', '1', '0', '0', '0', '0', '0', '0'),
(2583, '2027', '59', '33', '80', '93907', '2', '0.7', '2', '0', '0', '0', '1', '0', '0', '0', '0', '0', '0'),
(2584, '1148', '37', '13', '111', '91367', '1', '0.8', '2', '0', '0', '0', '0', '0', '0', '0', '0', '1', '0'),
(2585, '515', '27', '1', '74', '91730', '3', '0.3', '3', '0', '0', '0', '1', '0', '0', '0', '0', '0', '0'),
(2586, '4786', '30', '5', '23', '94304', '2', '0.9', '3', '0', '1', '0', '1', '0', '0', '0', '0', '0', '0'),
(2587, '3994', '30', '6', '13', '93555', '3', '0.9', '3', '0', '0', '0', '1', '0', '0', '0', '0', '0', '0'),
(2588, '3291', '52', '27', '113', '92038', '1', '0.1', '3', '0', '0', '0', '0', '0', '0', '0', '0', '0', '0'),
(2589, '292', '43', '16', '8', '90089', '3', '0.67', '2', '88', '0', '0', '1', '0', '0', '0', '0', '0', '0'),
(2590, '3847', '31', '5', '43', '94720', '1', '1.5', '1', '0', '0', '0', '0', '0', '0', '0', '0', '0', '0'),
(2591, '2089', '39', '9', '29', '94701', '3', '2', '3', '151', '1', '0', '0', '0', '0', '0', '0', '0', '0'),
(2592, '3744', '40', '14', '78', '94720', '4', '1.4', '2', '194', '0', '0', '1', '1', '0', '0', '0', '0', '0'),
(2593, '4990', '24', '0', '38', '93555', '1', '1', '3', '0', '0', '0', '1', '0', '0', '0', '0', '0', '0'),
(2594, '4507', '39', '13', '89', '92037', '1', '2.8', '3', '153', '0', '0', '1', '1', '0', '0', '0', '0', '0'),
(2595, '2320', '34', '9', '198', '95819', '2', '3', '1', '422', '0', '0', '1', '0', '0', '1', '0', '0', '1'),
(2596, '4033', '59', '35', '93', '94301', '2', '1.6', '1', '0', '0', '0', '0', '1', '0', '0', '0', '0', '0'),
(2597, '2486', '61', '36', '48', '94025', '3', '1.5', '1', '0', '0', '0', '0', '1', '0', '0', '0', '0', '0'),
(2598, '3525', '58', '33', '15', '94583', '4', '0.9', '2', '0', '0', '0', '0', '0', '0', '0', '0', '0', '0'),
(2599, '347', '44', '19', '50', '90745', '3', '2.7', '2', '0', '0', '0', '1', '0', '0', '0', '0', '0', '0'),
(2600, '1234', '53', '29', '22', '93943', '2', '0.4', '1', '0', '0', '0', '1', '0', '0', '0', '0', '0', '0'),
(2601, '4454', '37', '11', '11', '94112', '3', '0.1', '2', '0', '0', '0', '0', '0', '0', '0', '0', '0', '0'),
(2602, '1178', '28', '3', '71', '90405', '1', '3.3', '2', '149', '1', '1', '1', '0', '0', '0', '0', '1', '0'),
(2603, '4690', '51', '27', '43', '95053', '4', '1.1', '2', '164', '0', '0', '1', '1', '0', '0', '0', '0', '0'),
(2604, '30', '38', '13', '119', '94104', '1', '3.3', '2', '0', '0', '1', '1', '1', '0', '0', '1', '1', '0'),
(2605, '3111', '44', '20', '30', '95020', '4', '0.3', '1', '0', '0', '0', '0', '1', '0', '0', '0', '0', '0'),
(2606, '1568', '63', '39', '92', '94710', '2', '0', '3', '0', '0', '0', '1', '0', '0', '0', '0', '0', '0'),
(2607, '1747', '62', '36', '25', '90740', '3', '0.3', '3', '0', '0', '0', '1', '1', '0', '0', '0', '0', '0'),
(2608, '1461', '40', '16', '85', '92677', '4', '0.2', '3', '0', '0', '0', '1', '1', '0', '0', '0', '0', '0'),
(2609, '264', '27', '1', '74', '92121', '4', '1.8', '2', '112', '0', '0', '1', '1', '0', '0', '0', '0', '0'),
(2610, '4132', '48', '23', '23', '94534', '4', '0.4', '2', '122', '0', '0', '0', '0', '0', '0', '0', '0', '0'),
(2611, '3632', '46', '21', '51', '90089', '4', '1.9', '3', '0', '0', '0', '0', '0', '0', '0', '0', '0', '0'),
(2612, '4383', '60', '34', '38', '92182', '3', '2.2', '3', '0', '1', '0', '0', '0', '0', '0', '0', '0', '0'),
(2613, '2287', '62', '36', '42', '94122', '1', '0.5', '3', '128', '0', '0', '1', '0', '0', '0', '0', '0', '0'),
(2614, '378', '30', '5', '40', '94402', '4', '2', '2', '0', '0', '0', '1', '0', '0', '0', '0', '0', '0'),
(2615, '3441', '26', '1', '39', '95133', '4', '0.6', '2', '0', '0', '0', '0', '1', '0', '0', '0', '0', '0'),
(2616, '1263', '26', '1', '53', '94720', '2', '1.6', '3', '0', '0', '0', '1', '0', '0', '0', '0', '0', '0'),
(2617, '764', '54', '28', '65', '94122', '1', '0.2', '1', '0', '0', '0', '0', '1', '0', '0', '0', '0', '0'),
(2618, '24', '44', '18', '43', '91320', '2', '0.7', '1', '163', '1', '0', '0', '0', '0', '0', '0', '0', '0'),
(2619, '2528', '27', '1', '43', '95120', '3', '1.1', '2', '0', '0', '0', '0', '0', '0', '0', '0', '0', '0'),
(2620, '712', '62', '37', '83', '91754', '3', '1.8', '2', '187', '1', '0', '0', '0', '0', '0', '0', '0', '0'),
(2621, '3408', '58', '32', '19', '90405', '4', '0.7', '3', '0', '0', '0', '0', '0', '0', '0', '0', '0', '0'),
(2622, '1152', '49', '23', '12', '94720', '2', '0.1', '3', '0', '1', '1', '1', '0', '0', '0', '0', '0', '0'),
(2623, '3380', '65', '41', '83', '94305', '3', '2', '3', '0', '0', '0', '1', '0', '0', '0', '0', '0', '0'),
(2624, '4586', '35', '11', '180', '94010', '1', '3.6', '3', '571', '0', '1', '1', '1', '0', '1', '1', '1', '0'),
(2625, '2831', '59', '35', '39', '95616', '4', '1.3', '1', '0', '0', '0', '1', '0', '0', '0', '0', '0', '0'),
(2626, '2454', '43', '19', '60', '94104', '3', '2.1', '3', '0', '0', '0', '1', '0', '0', '0', '0', '0', '0'),
(2627, '1858', '37', '13', '105', '94066', '1', '0.8', '2', '0', '0', '0', '0', '1', '0', '0', '0', '1', '0'),
(2628, '3939', '49', '24', '13', '95929', '2', '0', '1', '0', '0', '0', '1', '0', '0', '0', '0', '0', '0'),
(2629, '4143', '57', '32', '70', '90024', '3', '1.6', '3', '0', '0', '0', '0', '0', '0', '0', '0', '0', '0'),
(2630, '2263', '55', '29', '131', '95070', '2', '0.7', '2', '0', '0', '0', '0', '1', '0', '0', '1', '1', '0'),
(2631, '1661', '37', '11', '34', '95747', '3', '0.9', '1', '0', '0', '0', '1', '0', '0', '0', '0', '0', '0'),
(2632, '2868', '59', '33', '110', '90007', '3', '4.4', '1', '264', '0', '0', '1', '0', '0', '0', '0', '0', '0'),
(2633, '2947', '33', '9', '145', '94110', '1', '4.3', '1', '437', '0', '0', '1', '0', '0', '0', '0', '0', '0'),
(2634, '2480', '55', '30', '82', '94720', '4', '3.8', '2', '0', '0', '0', '1', '0', '0', '0', '0', '1', '0'),
(2635, '421', '47', '22', '58', '93105', '4', '3.6', '3', '0', '0', '0', '1', '1', '0', '0', '0', '1', '0'),
(2636, '2505', '48', '24', '61', '91380', '2', '1.7', '1', '229', '0', '0', '0', '1', '0', '0', '0', '0', '0'),
(2637, '1443', '39', '13', '71', '95822', '3', '0.1', '1', '162', '1', '0', '1', '0', '0', '0', '0', '0', '0'),
(2638, '1748', '29', '5', '21', '90717', '4', '0.4', '2', '89', '0', '0', '0', '1', '0', '0', '0', '0', '0'),
(2639, '2199', '59', '35', '58', '91355', '1', '0', '2', '0', '0', '0', '1', '0', '0', '0', '0', '0', '0'),
(2640, '2977', '33', '8', '82', '95747', '1', '2.6', '2', '0', '1', '1', '1', '1', '0', '0', '0', '0', '0'),
(2641, '1666', '37', '12', '100', '92735', '3', '1.2', '3', '341', '0', '0', '1', '1', '0', '0', '0', '0', '0'),
(2642, '3411', '36', '11', '9', '90230', '4', '0.2', '3', '0', '0', '0', '1', '0', '0', '0', '0', '0', '0'),
(2643, '2893', '58', '32', '43', '92093', '1', '2.8', '2', '0', '0', '0', '1', '0', '0', '0', '0', '0', '0'),
(2644, '3558', '46', '20', '54', '90755', '4', '2.9', '1', '189', '0', '0', '1', '1', '0', '0', '0', '0', '0'),
(2645, '2552', '46', '22', '43', '92120', '2', '2.1', '3', '0', '1', '1', '1', '1', '0', '0', '0', '0', '0'),
(2646, '4475', '66', '41', '73', '95817', '3', '2.4', '1', '0', '0', '0', '0', '0', '0', '0', '0', '0', '0'),
(2647, '4687', '61', '35', '113', '91741', '2', '2.8', '1', '0', '0', '0', '0', '0', '0', '0', '0', '0', '0'),
(2648, '73', '44', '20', '130', '92007', '1', '5', '1', '0', '0', '0', '0', '1', '0', '0', '0', '0', '0'),
(2649, '982', '36', '12', '142', '90064', '3', '2.3', '2', '0', '0', '1', '1', '1', '0', '0', '1', '1', '0'),
(2650, '3393', '32', '7', '58', '92612', '1', '1', '1', '0', '0', '0', '1', '0', '0', '0', '0', '0', '0'),
(2651, '3311', '53', '29', '95', '94720', '4', '1', '2', '0', '0', '0', '1', '1', '0', '0', '0', '0', '0'),
(2652, '4521', '32', '7', '41', '94706', '4', '2', '2', '0', '0', '0', '0', '0', '0', '0', '0', '0', '0'),
(2653, '821', '51', '25', '145', '90740', '1', '0.3', '1', '0', '0', '0', '1', '0', '0', '0', '0', '0', '0'),
(2654, '4972', '58', '28', '73', '90024', '1', '1.4', '3', '0', '1', '0', '0', '0', '0', '0', '0', '0', '0'),
(2655, '4950', '29', '5', '64', '94114', '4', '0', '1', '249', '0', '0', '0', '1', '0', '0', '0', '0', '0'),
(2656, '3081', '48', '22', '40', '94063', '3', '2.2', '2', '87', '0', '0', '1', '0', '0', '0', '0', '0', '0'),
(2657, '1201', '36', '12', '22', '92507', '4', '1', '1', '91', '1', '0', '1', '0', '0', '0', '0', '0', '0'),
(2658, '2592', '31', '7', '8', '95131', '4', '0.7', '2', '0', '0', '0', '0', '0', '0', '0', '0', '0', '0'),
(2659, '4584', '52', '26', '83', '92521', '1', '3.1', '1', '0', '0', '0', '1', '0', '0', '0', '0', '0', '0'),
(2660, '1625', '28', '2', '31', '90024', '2', '0.3', '2', '0', '1', '0', '1', '0', '0', '0', '0', '0', '0'),
(2661, '4156', '55', '30', '28', '90291', '4', '0.1', '3', '149', '0', '0', '1', '1', '0', '0', '0', '0', '0'),
(2662, '1668', '44', '20', '22', '90024', '1', '1', '1', '91', '0', '0', '0', '0', '0', '0', '0', '0', '0'),
(2663, '4353', '40', '16', '59', '94305', '4', '2.67', '1', '0', '0', '0', '1', '0', '0', '0', '0', '0', '0'),
(2664, '2332', '61', '37', '68', '90245', '4', '2.3', '3', '0', '0', '0', '0', '0', '0', '0', '0', '0', '0'),
(2665, '736', '33', '7', '49', '95403', '4', '2.2', '2', '0', '0', '0', '1', '0', '0', '0', '0', '0', '0'),
(2666, '4300', '30', '5', '73', '90065', '1', '2.6', '2', '133', '0', '0', '1', '0', '0', '0', '0', '0', '0'),
(2667, '1281', '65', '40', '98', '95064', '3', '1.8', '2', '333', '0', '0', '0', '0', '0', '0', '0', '0', '0'),
(2668, '290', '42', '15', '24', '92121', '3', '1', '2', '0', '0', '0', '1', '1', '0', '0', '0', '0', '0'),
(2669, '4957', '39', '13', '59', '94109', '4', '0.2', '3', '0', '1', '0', '0', '1', '0', '0', '0', '0', '0'),
(2670, '416', '35', '8', '38', '93106', '4', '1', '2', '124', '0', '0', '1', '0', '0', '0', '0', '0', '0'),
(2671, '952', '59', '34', '83', '94105', '2', '3.4', '3', '0', '0', '0', '1', '0', '0', '0', '0', '0', '0'),
(2672, '16', '60', '30', '22', '95054', '1', '1.5', '3', '0', '0', '0', '1', '1', '0', '0', '0', '0', '0'),
(2673, '2193', '25', '1', '13', '95814', '4', '1', '1', '95', '0', '0', '0', '1', '0', '0', '0', '0', '0'),
(2674, '1455', '51', '25', '148', '90024', '1', '1', '1', '0', '0', '0', '0', '0', '0', '0', '0', '0', '0'),
(2675, '532', '32', '6', '50', '90401', '4', '2.1', '3', '0', '1', '1', '1', '1', '0', '0', '0', '0', '0'),
(2676, '3153', '40', '15', '83', '90275', '1', '1', '3', '0', '0', '0', '0', '0', '0', '0', '0', '0', '0'),
(2677, '1523', '25', '-1', '101', '94720', '4', '2.3', '3', '256', '0', '0', '0', '1', '0', '0', '0', '0', '0'),
(2678, '3170', '52', '28', '55', '94608', '1', '1.6', '2', '227', '0', '0', '0', '0', '0', '0', '0', '0', '0'),
(2679, '4602', '37', '12', '55', '95630', '1', '2.5', '3', '0', '0', '0', '1', '0', '0', '0', '0', '0', '0'),
(2680, '4989', '34', '8', '85', '95134', '1', '2.5', '1', '136', '0', '0', '0', '1', '0', '0', '0', '0', '0'),
(2681, '4796', '46', '21', '39', '91710', '2', '1.3', '1', '101', '0', '0', '1', '0', '0', '0', '0', '0', '0'),
(2682, '2547', '50', '25', '9', '91911', '2', '0', '1', '0', '1', '0', '0', '0', '0', '0', '0', '0', '0'),
(2683, '83', '41', '16', '82', '92507', '1', '4', '3', '0', '0', '0', '1', '0', '0', '0', '0', '0', '0'),
(2684, '4310', '34', '8', '188', '94025', '1', '2.9', '3', '0', '0', '0', '1', '0', '0', '1', '1', '1', '1'),
(2685, '3988', '62', '36', '19', '95833', '2', '0.2', '3', '0', '0', '0', '1', '1', '0', '0', '0', '0', '0'),
(2686, '1468', '62', '36', '29', '91107', '2', '0.7', '3', '0', '0', '0', '0', '0', '0', '0', '0', '0', '0'),
(2687, '4293', '63', '37', '191', '94131', '2', '4.3', '3', '205', '0', '0', '0', '0', '0', '1', '1', '1', '0'),
(2688, '2716', '42', '18', '54', '90089', '1', '1.8', '1', '0', '0', '0', '1', '0', '0', '0', '0', '0', '0'),
(2689, '3075', '39', '15', '31', '95039', '1', '1.4', '3', '88', '0', '0', '1', '1', '0', '0', '0', '0', '0'),
(2690, '3128', '40', '14', '61', '94539', '4', '0.2', '3', '0', '0', '0', '1', '0', '0', '0', '0', '0', '0'),
(2691, '62', '47', '21', '125', '93407', '1', '5.7', '1', '112', '1', '0', '0', '0', '0', '0', '0', '0', '0'),
(2692, '669', '66', '41', '18', '94010', '3', '0.5', '1', '0', '0', '0', '0', '0', '0', '0', '0', '0', '0'),
(2693, '2871', '43', '17', '91', '95134', '1', '5.2', '1', '0', '1', '0', '0', '0', '0', '0', '0', '0', '0'),
(2694, '2093', '53', '23', '19', '92673', '4', '0.4', '3', '84', '0', '0', '1', '0', '0', '0', '0', '0', '0'),
(2695, '4458', '55', '29', '81', '92843', '3', '1.7', '2', '171', '0', '0', '1', '0', '0', '0', '0', '0', '0'),
(2696, '3031', '50', '26', '110', '94509', '3', '1.8', '2', '0', '0', '0', '1', '0', '0', '0', '0', '0', '0'),
(2697, '3115', '29', '4', '55', '90024', '4', '2', '2', '0', '1', '0', '1', '0', '0', '0', '0', '0', '0'),
(2698, '1645', '59', '35', '33', '91355', '4', '0.4', '1', '131', '0', '0', '0', '1', '0', '0', '0', '0', '0'),
(2699, '1335', '47', '22', '35', '94304', '2', '1.3', '1', '0', '0', '0', '1', '0', '0', '0', '0', '0', '0'),
(2700, '2274', '27', '1', '83', '91775', '4', '2.1', '3', '0', '0', '0', '1', '1', '0', '0', '0', '0', '0'),
(2701, '3907', '61', '35', '60', '90245', '1', '2.5', '3', '0', '0', '0', '1', '0', '0', '0', '0', '0', '0'),
(2702, '2689', '56', '30', '34', '94542', '2', '0.7', '2', '0', '0', '0', '1', '0', '0', '0', '0', '0', '0'),
(2703, '888', '41', '16', '118', '94720', '2', '3.3', '1', '0', '0', '0', '1', '0', '0', '0', '0', '0', '0'),
(2704, '36', '48', '24', '81', '92647', '3', '0.7', '1', '0', '0', '0', '0', '0', '0', '0', '0', '0', '0'),
(2705, '3157', '54', '30', '24', '92647', '1', '0.1', '2', '0', '0', '0', '0', '0', '0', '0', '0', '0', '0'),
(2706, '4374', '30', '6', '139', '94501', '1', '4.3', '1', '0', '0', '0', '1', '0', '0', '0', '0', '0', '0'),
(2707, '1710', '58', '34', '88', '93555', '2', '1.6', '1', '0', '0', '0', '1', '1', '0', '0', '0', '0', '0'),
(2708, '2785', '36', '9', '115', '91765', '4', '2.2', '2', '0', '0', '0', '0', '0', '0', '0', '1', '0', '0'),
(2709, '1414', '48', '24', '12', '90058', '3', '0.4', '1', '0', '0', '0', '0', '0', '0', '0', '0', '0', '0'),
(2710, '89', '65', '41', '51', '94117', '2', '1.1', '1', '0', '0', '0', '1', '0', '0', '0', '0', '0', '0'),
(2711, '156', '24', '0', '60', '94596', '4', '1.6', '1', '0', '0', '0', '1', '0', '0', '0', '0', '0', '0'),
(2712, '3769', '42', '16', '62', '94309', '1', '0.7', '3', '170', '0', '1', '1', '1', '0', '0', '0', '0', '0'),
(2713, '4696', '45', '19', '70', '95605', '1', '2.8', '1', '0', '0', '0', '0', '1', '0', '0', '0', '0', '0'),
(2714, '1165', '41', '17', '94', '90071', '3', '3.8', '2', '327', '1', '1', '1', '0', '0', '0', '1', '1', '0'),
(2715, '269', '64', '39', '129', '94002', '1', '2.5', '1', '0', '0', '0', '1', '0', '0', '0', '0', '0', '0'),
(2716, '4004', '47', '21', '39', '92612', '3', '0.6', '2', '0', '0', '0', '1', '1', '0', '0', '0', '0', '0'),
(2717, '4966', '29', '5', '33', '94709', '1', '1.8', '2', '78', '0', '0', '1', '0', '0', '0', '0', '0', '0'),
(2718, '4929', '57', '33', '28', '90245', '1', '1.2', '3', '98', '0', '0', '1', '0', '0', '0', '0', '0', '0'),
(2719, '1769', '43', '18', '128', '92093', '4', '5.3', '1', '84', '0', '0', '0', '0', '0', '0', '1', '1', '0'),
(2720, '1888', '31', '7', '81', '95006', '2', '2', '2', '0', '0', '1', '1', '1', '0', '0', '0', '0', '0'),
(2721, '1488', '28', '4', '159', '93907', '1', '1.5', '1', '0', '0', '0', '1', '1', '0', '0', '0', '0', '0'),
(2722, '181', '51', '27', '38', '90401', '2', '1', '3', '164', '0', '0', '1', '0', '0', '0', '0', '0', '0'),
(2723, '1120', '41', '16', '79', '96064', '1', '1', '3', '233', '0', '0', '1', '0', '0', '0', '0', '0', '0'),
(2724, '880', '63', '37', '84', '91768', '4', '1.9', '2', '0', '0', '0', '1', '0', '0', '0', '0', '0', '0'),
(2725, '4333', '53', '26', '12', '92672', '2', '1', '2', '0', '0', '0', '0', '1', '0', '0', '0', '0', '0'),
(2726, '4146', '58', '34', '63', '94305', '4', '1.6', '2', '0', '0', '0', '0', '0', '0', '0', '0', '0', '0'),
(2727, '1963', '28', '4', '155', '90019', '1', '6.33', '1', '0', '0', '0', '0', '0', '0', '0', '0', '0', '0'),
(2728, '3183', '58', '33', '60', '94304', '2', '1.9', '2', '94', '1', '0', '1', '0', '0', '0', '0', '0', '0'),
(2729, '1803', '29', '3', '121', '92806', '2', '1.3', '1', '0', '0', '0', '0', '0', '0', '0', '0', '0', '0'),
(2730, '3295', '42', '12', '29', '93611', '3', '2', '3', '0', '0', '0', '0', '0', '0', '0', '0', '0', '0'),
(2731, '500', '50', '25', '42', '93108', '3', '1.7', '2', '0', '0', '0', '1', '0', '0', '0', '0', '0', '0'),
(2732, '2104', '37', '13', '153', '90630', '2', '6.5', '1', '0', '0', '0', '1', '1', '0', '0', '0', '0', '0'),
(2733, '1761', '41', '16', '33', '94309', '4', '0', '2', '0', '0', '0', '1', '0', '0', '0', '0', '0', '0'),
(2734, '2224', '53', '28', '74', '91711', '3', '2', '2', '0', '1', '0', '0', '0', '0', '0', '0', '0', '0'),
(2735, '484', '29', '5', '30', '90095', '3', '1', '2', '0', '0', '0', '0', '0', '0', '0', '0', '0', '0'),
(2736, '536', '51', '25', '132', '94143', '1', '0.3', '1', '0', '0', '0', '1', '0', '0', '0', '0', '0', '0'),
(2737, '2695', '45', '19', '85', '94720', '3', '2.1', '1', '0', '0', '0', '1', '1', '0', '0', '0', '0', '0'),
(2738, '3846', '26', '1', '54', '94061', '4', '0.6', '2', '230', '0', '0', '0', '0', '0', '0', '0', '0', '0'),
(2739, '2982', '53', '28', '85', '92037', '1', '1.2', '1', '0', '0', '0', '0', '0', '0', '0', '0', '0', '0'),
(2740, '22', '57', '27', '63', '90095', '3', '2', '3', '0', '0', '0', '1', '0', '0', '0', '0', '0', '0'),
(2741, '2953', '33', '8', '182', '94065', '1', '8.6', '1', '0', '0', '0', '0', '0', '0', '1', '0', '0', '0'),
(2742, '3575', '56', '30', '64', '95123', '3', '0.3', '2', '0', '0', '0', '0', '1', '0', '0', '0', '0', '0'),
(2743, '1820', '60', '34', '59', '94110', '1', '1.6', '1', '231', '0', '0', '1', '0', '0', '0', '0', '0', '0'),
(2744, '2309', '39', '13', '58', '94590', '2', '2.4', '2', '0', '0', '0', '1', '0', '0', '0', '0', '0', '0'),
(2745, '2268', '38', '13', '168', '92647', '2', '1.3', '3', '0', '0', '0', '0', '0', '0', '1', '1', '1', '0'),
(2746, '2526', '32', '8', '60', '95816', '1', '1.2', '1', '0', '0', '0', '1', '1', '0', '0', '0', '0', '0'),
(2747, '4071', '58', '33', '70', '94720', '4', '0.7', '1', '0', '1', '0', '0', '0', '0', '0', '0', '0', '0'),
(2748, '4329', '64', '38', '143', '95039', '2', '6.4', '3', '0', '1', '1', '1', '0', '0', '0', '1', '1', '0'),
(2749, '3395', '25', '-1', '113', '90089', '4', '2.1', '3', '0', '0', '0', '1', '0', '0', '0', '0', '0', '0'),
(2750, '4053', '43', '19', '54', '94608', '2', '1.7', '1', '0', '0', '0', '1', '0', '0', '0', '0', '0', '0'),
(2751, '1689', '60', '34', '108', '92152', '2', '2', '1', '359', '0', '0', '1', '0', '0', '0', '0', '0', '0'),
(2752, '4705', '54', '28', '102', '91360', '3', '1.7', '2', '0', '0', '0', '1', '0', '0', '0', '0', '0', '0'),
(2753, '4214', '49', '25', '39', '91125', '3', '1.9', '2', '0', '0', '0', '0', '0', '0', '0', '0', '0', '0'),
(2754, '624', '44', '19', '34', '95616', '1', '0.3', '3', '78', '0', '0', '1', '0', '0', '0', '0', '0', '0'),
(2755, '4037', '46', '21', '13', '93117', '2', '0.7', '3', '0', '0', '0', '1', '0', '0', '0', '0', '0', '0'),
(2756, '3835', '48', '22', '28', '94720', '1', '1.4', '3', '75', '0', '0', '1', '0', '0', '0', '0', '0', '0'),
(2757, '4397', '30', '5', '14', '95014', '4', '0.5', '3', '0', '0', '0', '1', '0', '0', '0', '0', '0', '0'),
(2758, '524', '56', '31', '39', '93023', '4', '0.9', '1', '0', '0', '0', '0', '0', '0', '0', '0', '0', '0'),
(2759, '1334', '62', '38', '99', '95014', '4', '1.7', '2', '0', '0', '0', '1', '0', '0', '0', '0', '0', '0'),
(2760, '1043', '64', '34', '50', '95616', '4', '1.67', '3', '0', '0', '0', '1', '0', '0', '0', '0', '0', '0'),
(2761, '3240', '30', '4', '40', '90095', '1', '0.3', '1', '0', '0', '0', '1', '0', '0', '0', '0', '0', '0'),
(2762, '2080', '26', '2', '40', '94132', '1', '1', '3', '0', '0', '0', '1', '0', '0', '0', '0', '0', '0'),
(2763, '2940', '54', '24', '25', '90016', '4', '0.4', '3', '0', '0', '0', '0', '1', '0', '0', '0', '0', '0'),
(2764, '4614', '63', '38', '52', '91361', '4', '1.7', '1', '218', '0', '0', '1', '1', '0', '0', '0', '0', '0'),
(2765, '4212', '40', '16', '104', '94301', '2', '1.8', '2', '0', '0', '0', '0', '0', '0', '0', '0', '0', '0'),
(2766, '193', '50', '23', '85', '92122', '1', '2.67', '2', '0', '0', '0', '1', '0', '0', '0', '0', '0', '0'),
(2767, '2442', '64', '38', '38', '94305', '2', '0.3', '1', '186', '0', '0', '1', '1', '0', '0', '0', '0', '0'),
(2768, '2449', '51', '26', '42', '92103', '2', '0.6', '3', '0', '0', '0', '1', '1', '0', '0', '0', '0', '0'),
(2769, '3000', '60', '34', '44', '94143', '1', '0.2', '1', '0', '0', '0', '0', '1', '0', '0', '0', '0', '0'),
(2770, '2365', '59', '35', '88', '94923', '2', '1.6', '1', '0', '0', '0', '0', '1', '0', '0', '0', '0', '0'),
(2771, '2458', '42', '17', '19', '92115', '2', '0', '3', '85', '0', '0', '1', '1', '0', '0', '0', '0', '0'),
(2772, '97', '41', '15', '80', '95014', '1', '5.2', '1', '0', '0', '0', '0', '0', '0', '0', '0', '0', '0'),
(2773, '3363', '30', '4', '18', '90277', '2', '0.3', '2', '0', '0', '0', '1', '0', '0', '0', '0', '0', '0'),
(2774, '4485', '36', '11', '195', '95747', '2', '3', '1', '0', '0', '0', '1', '1', '0', '1', '0', '0', '0'),
(2775, '364', '25', '0', '30', '92691', '2', '1.7', '2', '0', '0', '0', '0', '0', '0', '0', '0', '0', '0'),
(2776, '651', '47', '22', '122', '90037', '1', '5.1', '3', '163', '1', '0', '0', '0', '0', '0', '1', '1', '0'),
(2777, '4135', '35', '11', '85', '92154', '4', '0.1', '2', '131', '0', '0', '0', '0', '0', '0', '0', '0', '0'),
(2778, '988', '62', '36', '84', '94609', '2', '2.8', '1', '0', '0', '0', '1', '0', '0', '0', '0', '0', '0'),
(2779, '1226', '30', '6', '118', '94534', '2', '2.8', '2', '0', '0', '0', '0', '0', '0', '0', '1', '1', '0'),
(2780, '2473', '62', '36', '119', '94720', '2', '2', '1', '0', '0', '0', '0', '0', '0', '0', '0', '0', '0'),
(2781, '1776', '46', '22', '73', '91360', '1', '0.8', '3', '117', '0', '0', '0', '0', '0', '0', '0', '0', '0'),
(2782, '127', '31', '5', '115', '92096', '2', '1.3', '1', '101', '0', '0', '1', '1', '0', '0', '0', '0', '0'),
(2783, '1239', '28', '2', '63', '91116', '2', '1.6', '3', '0', '0', '0', '1', '0', '0', '0', '0', '0', '0'),
(2784, '2660', '60', '35', '43', '91763', '3', '0.9', '3', '175', '0', '0', '0', '0', '0', '0', '0', '0', '0'),
(2785, '3290', '50', '25', '44', '94303', '1', '0.3', '1', '187', '0', '0', '1', '1', '0', '0', '0', '0', '0'),
(2786, '29', '56', '30', '48', '94539', '1', '2.2', '3', '0', '0', '0', '1', '1', '0', '0', '0', '0', '0'),
(2787, '3697', '31', '5', '78', '94309', '2', '0.2', '1', '0', '0', '0', '0', '1', '0', '0', '0', '0', '0'),
(2788, '4552', '27', '0', '28', '91330', '4', '1.5', '2', '0', '0', '0', '1', '0', '0', '0', '0', '0', '0'),
(2789, '1179', '33', '7', '14', '94025', '1', '0.4', '2', '98', '0', '0', '1', '0', '0', '0', '0', '0', '0'),
(2790, '1627', '31', '6', '180', '93108', '2', '6.7', '1', '0', '0', '0', '0', '0', '0', '1', '0', '0', '0'),
(2791, '2432', '56', '31', '54', '91380', '4', '2.1', '1', '0', '0', '0', '1', '0', '0', '0', '0', '0', '0'),
(2792, '3569', '30', '4', '194', '93407', '2', '4.5', '1', '0', '0', '0', '0', '1', '0', '1', '0', '0', '0'),
(2793, '4472', '56', '30', '79', '94588', '3', '0.8', '1', '302', '0', '0', '0', '0', '0', '0', '0', '0', '0'),
(2794, '4708', '59', '35', '91', '95008', '2', '1.6', '1', '0', '1', '0', '0', '1', '0', '0', '0', '0', '0'),
(2795, '2314', '58', '32', '54', '94035', '3', '0.3', '2', '0', '0', '0', '1', '1', '0', '0', '0', '0', '0'),
(2796, '3541', '39', '15', '30', '94305', '4', '0.3', '1', '0', '1', '0', '0', '1', '0', '0', '0', '0', '0'),
(2797, '4279', '56', '31', '51', '92028', '3', '1.7', '1', '0', '0', '0', '1', '1', '0', '0', '0', '0', '0'),
(2798, '129', '38', '14', '74', '92182', '2', '0', '1', '0', '1', '0', '1', '0', '0', '0', '0', '0', '0'),
(2799, '2880', '42', '15', '73', '94545', '3', '2.33', '2', '0', '0', '0', '0', '0', '0', '0', '0', '0', '0'),
(2800, '2768', '48', '24', '59', '90401', '1', '0', '1', '144', '0', '0', '1', '0', '0', '0', '0', '0', '0'),
(2801, '3555', '37', '13', '72', '92407', '4', '2', '3', '0', '1', '0', '0', '0', '0', '0', '0', '0', '0'),
(2802, '4762', '61', '35', '74', '91320', '2', '0.7', '2', '0', '0', '0', '1', '1', '0', '0', '0', '0', '0'),
(2803, '1219', '62', '36', '98', '92122', '2', '2.8', '1', '0', '0', '0', '0', '0', '0', '0', '0', '0', '0'),
(2804, '904', '43', '18', '59', '90048', '1', '2.4', '1', '250', '0', '0', '1', '0', '0', '0', '0', '0', '0'),
(2805, '110', '43', '17', '49', '94542', '1', '2.8', '1', '0', '0', '0', '1', '0', '0', '0', '0', '0', '0'),
(2806, '160', '61', '35', '41', '94545', '4', '1.7', '2', '0', '1', '0', '1', '0', '0', '0', '0', '0', '0'),
(2807, '2574', '58', '34', '80', '90095', '2', '1.6', '1', '0', '0', '0', '1', '1', '0', '0', '0', '0', '0'),
(2808, '1497', '36', '12', '18', '91330', '1', '0.5', '3', '0', '0', '0', '0', '1', '0', '0', '0', '0', '0'),
(2809, '3728', '56', '30', '31', '94117', '2', '0.3', '1', '109', '1', '1', '1', '1', '0', '0', '0', '0', '0'),
(2810, '2759', '62', '36', '35', '94501', '2', '0.7', '3', '0', '1', '0', '0', '1', '0', '0', '0', '0', '0'),
(2811, '3161', '41', '15', '158', '94304', '1', '4.7', '2', '0', '1', '1', '0', '1', '0', '0', '1', '1', '0'),
(2812, '767', '37', '12', '81', '94538', '1', '2.8', '1', '0', '0', '0', '0', '0', '0', '0', '0', '0', '0'),
(2813, '4210', '35', '9', '21', '91125', '2', '1.4', '3', '125', '0', '0', '1', '0', '0', '0', '0', '0', '0'),
(2814, '507', '51', '25', '44', '94608', '3', '0.9', '3', '0', '0', '0', '0', '0', '0', '0', '0', '0', '0'),
(2815, '2643', '54', '29', '81', '92096', '2', '0', '3', '0', '0', '0', '1', '0', '0', '0', '0', '0', '0'),
(2816, '3467', '33', '6', '53', '94122', '2', '1', '2', '96', '0', '0', '0', '1', '0', '0', '0', '0', '0'),
(2817, '2000', '48', '22', '80', '93940', '2', '2.4', '2', '0', '0', '0', '1', '0', '0', '0', '0', '0', '0'),
(2818, '2892', '59', '33', '63', '90044', '1', '1.6', '1', '0', '0', '0', '1', '1', '0', '0', '0', '0', '0'),
(2819, '4657', '47', '21', '38', '91101', '3', '0.6', '2', '0', '1', '0', '0', '0', '0', '0', '0', '0', '0'),
(2820, '2524', '49', '23', '100', '95403', '2', '6.3', '1', '0', '0', '0', '0', '0', '0', '0', '0', '0', '0'),
(2821, '2391', '33', '9', '41', '95814', '3', '2', '1', '108', '0', '0', '1', '0', '0', '0', '0', '0', '0'),
(2822, '3884', '40', '16', '98', '94534', '2', '1.8', '2', '98', '0', '0', '1', '0', '0', '0', '0', '0', '0'),
(2823, '4005', '65', '39', '22', '92507', '3', '0.7', '2', '0', '0', '0', '0', '0', '0', '0', '0', '0', '0'),
(2824, '4843', '49', '23', '174', '95449', '3', '4.6', '2', '590', '0', '0', '0', '0', '0', '1', '1', '1', '0'),
(2825, '959', '55', '29', '78', '90747', '4', '2.6', '3', '0', '0', '0', '0', '1', '0', '0', '0', '0', '0'),
(2826, '3989', '59', '35', '85', '91330', '1', '3.4', '3', '0', '0', '1', '0', '1', '0', '0', '1', '1', '0'),
(2827, '3374', '28', '2', '182', '92660', '3', '7.2', '2', '442', '0', '1', '1', '1', '0', '1', '1', '1', '0'),
(2828, '1460', '47', '20', '38', '92115', '3', '2.5', '2', '0', '0', '0', '0', '0', '0', '0', '0', '0', '0'),
(2829, '702', '44', '19', '62', '93106', '3', '0.8', '3', '0', '0', '0', '0', '1', '0', '0', '0', '0', '0'),
(2830, '2711', '51', '27', '39', '94304', '2', '0.8', '1', '0', '0', '0', '0', '0', '0', '0', '0', '0', '0'),
(2831, '4398', '48', '23', '19', '90058', '1', '0.1', '1', '0', '0', '0', '1', '0', '0', '0', '0', '0', '0'),
(2832, '2105', '40', '14', '58', '90245', '4', '0.2', '3', '0', '0', '0', '1', '0', '0', '0', '0', '0', '0'),
(2833, '4825', '32', '6', '25', '96001', '3', '1', '1', '0', '0', '0', '1', '0', '0', '0', '0', '0', '0'),
(2834, '2389', '64', '39', '23', '91768', '3', '0.5', '1', '0', '1', '0', '0', '0', '0', '0', '0', '0', '0'),
(2835, '1975', '39', '13', '63', '90095', '4', '0.2', '3', '242', '0', '0', '0', '0', '0', '0', '0', '0', '0'),
(2836, '1383', '34', '8', '82', '91775', '2', '1.8', '1', '178', '0', '0', '1', '1', '0', '0', '0', '0', '0'),
(2837, '3100', '65', '40', '115', '92647', '1', '2.5', '1', '174', '0', '0', '0', '1', '0', '0', '0', '0', '0'),
(2838, '610', '37', '11', '24', '91770', '4', '1.5', '3', '0', '0', '0', '0', '0', '0', '0', '0', '0', '0'),
(2839, '3651', '47', '21', '93', '91604', '2', '0.8', '3', '107', '0', '0', '0', '0', '0', '0', '0', '0', '0'),
(2840, '2612', '33', '8', '78', '95051', '3', '0.6', '2', '0', '0', '0', '1', '0', '0', '0', '0', '0', '0'),
(2841, '3119', '64', '39', '114', '90095', '1', '0.8', '3', '0', '0', '0', '1', '0', '0', '0', '0', '0', '0'),
(2842, '273', '29', '3', '45', '95023', '4', '0.2', '1', '158', '0', '0', '1', '1', '0', '0', '0', '0', '0'),
(2843, '2911', '46', '22', '102', '95039', '3', '4.5', '3', '0', '0', '0', '1', '0', '0', '0', '1', '0', '0'),
(2844, '3464', '28', '3', '149', '92121', '1', '0.8', '1', '0', '0', '0', '1', '0', '0', '0', '0', '0', '0'),
(2845, '1242', '64', '38', '39', '92120', '1', '0.5', '3', '0', '1', '1', '1', '1', '0', '0', '0', '0', '0'),
(2846, '447', '47', '23', '22', '93108', '1', '1', '1', '0', '0', '0', '0', '1', '0', '0', '0', '0', '0'),
(2847, '4607', '44', '20', '199', '94607', '2', '6.67', '1', '0', '0', '0', '1', '0', '0', '1', '0', '0', '0'),
(2848, '799', '29', '2', '38', '93063', '1', '2', '2', '0', '0', '0', '0', '0', '0', '0', '0', '0', '0'),
(2849, '2538', '53', '27', '75', '94303', '1', '1.9', '2', '0', '0', '0', '1', '0', '0', '0', '0', '0', '0'),
(2850, '2046', '52', '28', '44', '95051', '4', '0.9', '2', '107', '0', '0', '1', '0', '0', '0', '0', '0', '0'),
(2851, '3130', '39', '14', '10', '92705', '2', '0.3', '2', '0', '1', '0', '0', '1', '0', '0', '0', '0', '0'),
(2852, '1078', '29', '3', '175', '90095', '3', '3.3', '3', '329', '0', '0', '1', '0', '0', '1', '1', '1', '0'),
(2853, '2185', '62', '36', '183', '90095', '2', '3.4', '3', '0', '0', '0', '0', '0', '0', '1', '1', '1', '0'),
(2854, '3429', '45', '21', '24', '93106', '1', '0.9', '3', '0', '0', '0', '0', '0', '0', '0', '0', '0', '0'),
(2855, '2422', '43', '19', '40', '94949', '3', '0.6', '2', '0', '0', '0', '1', '0', '0', '0', '0', '0', '0'),
(2856, '1785', '54', '29', '119', '91355', '3', '2', '1', '0', '1', '1', '0', '0', '0', '0', '1', '1', '0'),
(2857, '3478', '34', '10', '131', '94024', '2', '4.33', '1', '156', '0', '0', '1', '1', '0', '0', '0', '0', '0'),
(2858, '1482', '35', '9', '179', '91125', '2', '0', '1', '76', '1', '0', '1', '0', '0', '1', '0', '0', '0'),
(2859, '2843', '36', '11', '90', '94709', '1', '2.8', '1', '0', '0', '0', '1', '0', '0', '0', '0', '0', '0'),
(2860, '2423', '58', '32', '163', '95014', '2', '0.5', '1', '400', '0', '0', '0', '0', '0', '1', '0', '0', '0'),
(2861, '1325', '52', '28', '15', '95064', '1', '0.2', '1', '0', '0', '0', '1', '0', '0', '0', '0', '0', '0'),
(2862, '450', '61', '37', '60', '91706', '3', '2', '3', '0', '0', '0', '1', '0', '0', '0', '0', '0', '0'),
(2863, '652', '28', '4', '58', '92121', '3', '1.5', '1', '131', '0', '0', '0', '0', '0', '0', '0', '0', '0'),
(2864, '50', '40', '16', '49', '92373', '1', '1.8', '1', '0', '0', '0', '0', '1', '0', '0', '0', '0', '0'),
(2865, '10', '34', '9', '180', '93023', '1', '8.9', '3', '0', '0', '0', '0', '0', '0', '1', '1', '1', '0'),
(2866, '186', '39', '14', '115', '91320', '1', '1', '3', '0', '0', '0', '1', '0', '0', '0', '0', '0', '0'),
(2867, '1695', '48', '23', '35', '94025', '4', '0.4', '2', '118', '0', '0', '0', '0', '0', '0', '0', '0', '0'),
(2868, '689', '44', '20', '71', '94304', '4', '1.9', '1', '207', '0', '0', '1', '0', '0', '0', '0', '0', '0'),
(2869, '1993', '52', '28', '38', '94302', '2', '0.8', '1', '0', '0', '0', '0', '1', '0', '0', '0', '0', '0'),
(2870, '3143', '34', '8', '175', '95051', '4', '1.1', '3', '0', '1', '1', '1', '1', '0', '1', '1', '1', '0'),
(2871, '924', '55', '30', '28', '95123', '1', '1.5', '2', '0', '0', '0', '0', '0', '0', '0', '0', '0', '0'),
(2872, '105', '56', '32', '38', '93311', '4', '1.3', '1', '166', '0', '0', '1', '1', '0', '0', '0', '0', '0'),
(2873, '1814', '61', '36', '55', '90033', '3', '0.9', '3', '0', '0', '0', '1', '1', '0', '0', '0', '0', '0'),
(2874, '3539', '26', '0', '23', '93561', '1', '0.1', '2', '0', '0', '0', '0', '0', '0', '0', '0', '0', '0'),
(2875, '3315', '38', '13', '41', '90073', '4', '1.7', '1', '0', '0', '0', '1', '0', '0', '0', '0', '0', '0'),
(2876, '1048', '55', '31', '73', '94143', '4', '1.6', '2', '0', '0', '0', '0', '0', '0', '0', '0', '0', '0'),
(2877, '1452', '44', '20', '82', '94555', '4', '1.4', '2', '201', '0', '0', '1', '1', '0', '0', '0', '0', '0'),
(2878, '2313', '48', '22', '83', '91345', '2', '2.4', '2', '0', '0', '0', '1', '0', '0', '0', '0', '0', '0'),
(2879, '3740', '39', '14', '80', '90502', '2', '0.4', '1', '0', '0', '0', '0', '0', '0', '0', '0', '0', '0'),
(2880, '3707', '58', '33', '51', '94305', '2', '1.6', '3', '123', '0', '0', '1', '0', '0', '0', '0', '0', '0'),
(2881, '3504', '29', '3', '53', '95814', '4', '2.1', '3', '0', '0', '0', '1', '0', '0', '0', '0', '0', '0'),
(2882, '2331', '31', '5', '72', '95133', '4', '1.8', '2', '242', '0', '0', '1', '1', '0', '0', '0', '0', '0'),
(2883, '2460', '62', '37', '41', '95060', '3', '0.9', '3', '0', '0', '0', '1', '1', '0', '0', '0', '0', '0'),
(2884, '4916', '49', '24', '48', '93117', '1', '1.3', '2', '0', '0', '0', '0', '1', '0', '0', '0', '0', '0'),
(2885, '2855', '49', '24', '79', '94025', '4', '3.6', '3', '212', '0', '0', '1', '0', '0', '0', '0', '0', '0'),
(2886, '1503', '65', '39', '113', '90036', '1', '2', '1', '0', '0', '0', '1', '1', '0', '0', '0', '0', '0'),
(2887, '3312', '49', '25', '24', '95819', '1', '0.3', '1', '0', '0', '0', '0', '0', '0', '0', '0', '0', '0'),
(2888, '4289', '42', '17', '28', '94010', '1', '0.6', '3', '0', '0', '0', '0', '1', '0', '0', '0', '0', '0'),
(2889, '2521', '56', '29', '45', '90095', '4', '2.5', '2', '113', '0', '0', '1', '0', '0', '0', '0', '0', '0'),
(2890, '3396', '41', '16', '35', '94061', '2', '1.4', '2', '135', '0', '0', '0', '0', '0', '0', '0', '0', '0'),
(2891, '746', '30', '4', '49', '93955', '3', '1.1', '2', '0', '0', '0', '0', '1', '0', '0', '0', '0', '0'),
(2892, '3837', '45', '19', '31', '95616', '3', '0.5', '2', '0', '0', '0', '1', '1', '0', '0', '0', '0', '0'),
(2893, '2609', '61', '35', '79', '94024', '2', '2', '1', '194', '0', '0', '1', '1', '0', '0', '0', '0', '0'),
(2894, '2297', '27', '3', '82', '94305', '2', '0.2', '1', '0', '0', '0', '0', '1', '0', '0', '0', '0', '0'),
(2895, '4027', '27', '1', '142', '92038', '3', '5.5', '1', '0', '0', '0', '0', '0', '0', '0', '1', '1', '0'),
(2896, '4432', '38', '12', '60', '92806', '2', '1.8', '1', '0', '0', '0', '1', '0', '0', '0', '0', '0', '0'),
(2897, '3203', '30', '4', '25', '92173', '2', '0.3', '1', '0', '1', '0', '1', '0', '0', '0', '0', '0', '0'),
(2898, '733', '26', '1', '85', '90064', '1', '1.9', '1', '0', '0', '0', '1', '0', '0', '0', '0', '0', '0'),
(2899, '1950', '58', '34', '19', '90504', '1', '1.2', '3', '0', '0', '0', '0', '0', '0', '0', '0', '0', '0'),
(2900, '1015', '50', '26', '192', '90245', '2', '1.8', '3', '301', '0', '1', '1', '1', '0', '1', '1', '1', '0'),
(2901, '1872', '31', '5', '99', '94065', '4', '1.8', '2', '268', '0', '0', '0', '0', '0', '0', '0', '0', '0'),
(2902, '4748', '49', '25', '91', '94704', '4', '1.4', '2', '0', '0', '0', '1', '0', '0', '0', '0', '0', '0'),
(2903, '4226', '43', '18', '204', '91902', '2', '8.8', '1', '0', '0', '0', '1', '0', '0', '1', '0', '0', '1'),
(2904, '4576', '53', '27', '115', '90095', '2', '0.5', '3', '0', '0', '0', '0', '0', '0', '0', '0', '0', '0'),
(2905, '3690', '36', '12', '64', '94708', '3', '2.8', '1', '205', '0', '0', '0', '1', '0', '0', '0', '0', '0'),
(2906, '4995', '64', '40', '75', '94588', '3', '2', '3', '0', '0', '0', '1', '0', '0', '0', '0', '0', '0'),
(2907, '462', '55', '30', '81', '92123', '2', '3.7', '1', '0', '1', '0', '0', '0', '0', '0', '0', '0', '0'),
(2908, '3600', '45', '19', '23', '93101', '2', '0.1', '3', '91', '0', '1', '1', '1', '0', '0', '0', '0', '0'),
(2909, '131', '28', '4', '81', '94801', '3', '1.5', '1', '276', '0', '0', '1', '0', '0', '0', '0', '0', '0'),
(2910, '1240', '51', '26', '12', '90245', '2', '0.7', '3', '109', '0', '0', '1', '1', '0', '0', '0', '0', '0'),
(2911, '3076', '26', '0', '85', '95616', '2', '1.6', '3', '0', '0', '0', '0', '0', '0', '0', '0', '0', '0'),
(2912, '2103', '25', '-1', '81', '92647', '2', '1.6', '3', '0', '0', '0', '1', '1', '0', '0', '0', '0', '0'),
(2913, '2329', '27', '2', '130', '92182', '3', '4.4', '1', '192', '0', '0', '1', '0', '0', '0', '1', '1', '0'),
(2914, '4676', '35', '11', '32', '91360', '1', '1.33', '1', '137', '0', '0', '1', '1', '0', '0', '0', '0', '0'),
(2915, '627', '30', '6', '42', '94305', '1', '0.2', '3', '100', '0', '0', '0', '1', '0', '0', '0', '0', '0'),
(2916, '1515', '44', '20', '175', '96150', '2', '1.4', '1', '0', '0', '0', '1', '1', '0', '1', '0', '0', '0'),
(2917, '4038', '52', '28', '72', '91335', '1', '0', '1', '178', '0', '0', '0', '0', '0', '0', '0', '0', '0'),
(2918, '2863', '65', '39', '113', '92096', '4', '2.4', '3', '0', '0', '0', '1', '0', '0', '0', '0', '0', '0'),
(2919, '275', '30', '5', '74', '95616', '4', '2.2', '1', '0', '1', '0', '0', '1', '0', '0', '0', '0', '0'),
(2920, '3809', '34', '10', '152', '90089', '2', '6.5', '1', '0', '0', '0', '0', '0', '0', '0', '0', '0', '0');
INSERT INTO `remote_user_loan_status_prediction` (`id`, `Idno`, `Age`, `Experience`, `Income`, `ZIP_Code`, `Family`, `CCAvg`, `Education`, `Mortgage`, `Securities_Account`, `CD_Account`, `Online`, `CreditCard`, `prediction_svm`, `prediction_Logistic`, `prediction_rfc`, `prediction_dtc`, `prediction_knc`) VALUES
(2921, '1065', '41', '17', '138', '95008', '3', '6.9', '2', '0', '0', '0', '1', '0', '0', '0', '1', '1', '0'),
(2922, '2275', '40', '15', '21', '90034', '2', '0', '3', '0', '0', '0', '1', '0', '0', '0', '0', '0', '0'),
(2923, '3369', '45', '18', '163', '94720', '3', '5.33', '2', '0', '0', '1', '0', '1', '0', '0', '1', '1', '1'),
(2924, '1344', '41', '17', '48', '92831', '2', '0.6', '3', '215', '0', '0', '0', '1', '0', '0', '0', '0', '0'),
(2925, '543', '40', '14', '81', '94709', '3', '0.1', '1', '0', '0', '0', '1', '0', '0', '0', '0', '0', '0'),
(2926, '4570', '47', '21', '49', '92152', '3', '2.2', '2', '0', '1', '0', '0', '0', '0', '0', '0', '0', '0'),
(2927, '2041', '41', '16', '91', '94720', '3', '0.5', '3', '0', '0', '0', '0', '0', '0', '0', '0', '0', '0'),
(2928, '932', '27', '3', '43', '91302', '1', '1', '3', '0', '0', '0', '1', '0', '0', '0', '0', '0', '0'),
(2929, '3458', '55', '31', '91', '94110', '2', '2.8', '1', '0', '0', '0', '1', '0', '0', '0', '0', '0', '0'),
(2930, '4511', '64', '39', '20', '93109', '3', '0.1', '3', '0', '0', '0', '0', '0', '0', '0', '0', '0', '0'),
(2931, '1222', '30', '5', '121', '94132', '2', '3.3', '1', '0', '0', '0', '0', '1', '0', '0', '0', '0', '0'),
(2932, '2859', '36', '11', '158', '95054', '2', '7.8', '1', '114', '0', '0', '1', '1', '0', '0', '0', '0', '0'),
(2933, '2588', '60', '33', '55', '94998', '4', '2.5', '2', '0', '0', '0', '1', '0', '0', '0', '0', '0', '0'),
(2934, '67', '62', '36', '105', '95670', '2', '2.8', '1', '336', '0', '0', '0', '0', '0', '0', '0', '0', '0'),
(2935, '122', '52', '26', '38', '91711', '3', '0.9', '3', '0', '0', '0', '1', '0', '0', '0', '0', '0', '0'),
(2936, '2168', '65', '40', '162', '94596', '1', '1.3', '1', '0', '0', '0', '1', '0', '0', '0', '0', '0', '0'),
(2937, '244', '65', '39', '170', '90095', '3', '7.9', '3', '99', '0', '1', '1', '0', '0', '1', '1', '1', '0'),
(2938, '793', '41', '16', '98', '93117', '1', '4', '3', '0', '0', '0', '0', '1', '0', '0', '0', '0', '0'),
(2939, '3966', '39', '15', '94', '91941', '2', '1.9', '1', '0', '0', '0', '1', '0', '0', '0', '0', '0', '0'),
(2940, '4241', '39', '14', '161', '95064', '1', '4.1', '1', '509', '1', '0', '0', '0', '0', '1', '0', '0', '0'),
(2941, '985', '50', '25', '15', '92173', '1', '0.4', '3', '0', '0', '0', '0', '0', '0', '0', '0', '0', '0'),
(2942, '2144', '56', '31', '65', '92093', '3', '1.7', '1', '109', '0', '0', '0', '0', '0', '0', '0', '0', '0'),
(2943, '175', '42', '17', '168', '95503', '2', '7.9', '2', '0', '0', '0', '1', '0', '0', '0', '1', '1', '0'),
(2944, '3211', '43', '19', '60', '94301', '2', '2.5', '1', '0', '1', '0', '0', '0', '0', '0', '0', '0', '0'),
(2945, '457', '64', '39', '42', '92068', '3', '0.5', '2', '116', '0', '0', '1', '0', '0', '0', '0', '0', '0'),
(2946, '965', '27', '1', '78', '92037', '4', '2.3', '3', '157', '1', '0', '1', '0', '0', '0', '0', '0', '0'),
(2947, '1962', '52', '26', '114', '94304', '1', '4.9', '1', '0', '0', '0', '0', '0', '0', '0', '0', '0', '0'),
(2948, '1423', '32', '8', '32', '94143', '2', '1', '2', '103', '0', '1', '1', '1', '0', '0', '0', '0', '0'),
(2949, '2932', '31', '4', '54', '91741', '2', '1', '2', '109', '0', '0', '0', '1', '0', '0', '0', '0', '0'),
(2950, '4758', '26', '2', '135', '94588', '1', '1.5', '1', '0', '0', '0', '0', '0', '0', '0', '0', '0', '0'),
(2951, '4153', '44', '18', '91', '91361', '2', '0.8', '3', '0', '0', '0', '1', '0', '0', '0', '0', '0', '0'),
(2952, '4931', '63', '38', '110', '90095', '3', '1.8', '2', '109', '0', '0', '1', '0', '0', '0', '0', '1', '0'),
(2953, '2191', '27', '3', '110', '96150', '2', '0.2', '1', '294', '1', '0', '0', '1', '0', '0', '0', '0', '0'),
(2954, '1428', '31', '5', '85', '95828', '2', '1.3', '1', '119', '0', '0', '1', '1', '0', '0', '0', '0', '0'),
(2955, '860', '63', '37', '124', '92182', '3', '5', '2', '170', '0', '0', '0', '0', '0', '0', '1', '1', '0'),
(2956, '973', '40', '16', '50', '92093', '2', '1.7', '1', '174', '0', '0', '0', '0', '0', '0', '0', '0', '0'),
(2957, '3675', '42', '16', '38', '93437', '1', '0.2', '1', '0', '1', '0', '0', '0', '0', '0', '0', '0', '0'),
(2958, '3332', '67', '42', '21', '94607', '3', '0.1', '3', '0', '0', '0', '0', '1', '0', '0', '0', '0', '0'),
(2959, '756', '56', '30', '45', '91103', '4', '0.7', '2', '0', '0', '0', '0', '1', '0', '0', '0', '0', '0'),
(2960, '3435', '56', '31', '53', '95521', '2', '1.6', '3', '78', '0', '0', '0', '0', '0', '0', '0', '0', '0'),
(2961, '81', '60', '36', '41', '95134', '4', '1.3', '1', '174', '0', '0', '1', '1', '0', '0', '0', '0', '0'),
(2962, '3841', '56', '31', '35', '95211', '3', '0.1', '2', '114', '0', '0', '0', '0', '0', '0', '0', '0', '0'),
(2963, '455', '50', '24', '29', '94110', '3', '0.9', '3', '0', '0', '0', '0', '0', '0', '0', '0', '0', '0'),
(2964, '2584', '37', '11', '71', '91302', '1', '2.5', '1', '185', '0', '0', '1', '1', '0', '0', '0', '0', '0'),
(2965, '3185', '39', '15', '141', '92354', '2', '8', '1', '0', '0', '0', '1', '0', '0', '0', '0', '0', '0'),
(2966, '2397', '34', '10', '43', '95014', '1', '1.7', '1', '142', '0', '0', '0', '1', '0', '0', '0', '0', '0'),
(2967, '4854', '45', '19', '41', '91109', '1', '0.2', '1', '0', '0', '0', '1', '0', '0', '0', '0', '0', '0'),
(2968, '3463', '58', '33', '28', '94608', '2', '0.5', '2', '146', '1', '0', '1', '0', '0', '0', '0', '0', '0'),
(2969, '4627', '58', '34', '58', '90034', '4', '2.3', '3', '169', '0', '0', '1', '0', '0', '0', '0', '0', '0'),
(2970, '607', '34', '8', '81', '91741', '3', '0.9', '2', '208', '0', '0', '1', '0', '0', '0', '0', '0', '0'),
(2971, '456', '30', '4', '60', '91107', '4', '2.2', '2', '0', '0', '0', '1', '0', '0', '0', '0', '0', '0'),
(2972, '1085', '60', '35', '191', '93407', '4', '5.6', '3', '0', '0', '0', '0', '0', '0', '1', '1', '1', '0'),
(2973, '833', '36', '10', '31', '90630', '4', '1.2', '2', '0', '0', '0', '0', '0', '0', '0', '0', '0', '0'),
(2974, '4305', '64', '39', '98', '95678', '3', '1.8', '2', '80', '0', '0', '1', '0', '0', '0', '0', '0', '0'),
(2975, '2097', '55', '29', '54', '95051', '2', '2.3', '3', '93', '0', '0', '0', '0', '0', '0', '0', '0', '0'),
(2976, '1819', '45', '20', '62', '95818', '2', '2.2', '3', '0', '0', '0', '1', '0', '0', '0', '0', '0', '0'),
(2977, '971', '57', '32', '75', '94928', '2', '3.7', '1', '236', '0', '0', '1', '0', '0', '0', '0', '0', '0'),
(2978, '4874', '59', '35', '165', '94309', '2', '6', '1', '0', '0', '0', '1', '0', '0', '0', '0', '0', '0'),
(2979, '862', '60', '30', '28', '92354', '1', '1.5', '3', '124', '1', '0', '1', '0', '0', '0', '0', '0', '0'),
(2980, '415', '52', '28', '41', '94309', '3', '1.9', '2', '0', '0', '0', '0', '1', '0', '0', '0', '0', '0'),
(2981, '1267', '64', '39', '113', '92121', '1', '0.8', '3', '0', '0', '0', '0', '1', '0', '0', '0', '0', '0'),
(2982, '1998', '54', '30', '61', '92093', '1', '1.8', '3', '0', '0', '0', '1', '0', '0', '0', '0', '0', '0'),
(2983, '4435', '35', '9', '51', '94596', '4', '2.2', '2', '110', '0', '0', '1', '0', '0', '0', '0', '0', '0'),
(2984, '4248', '65', '39', '10', '90210', '1', '0.8', '2', '0', '0', '0', '1', '0', '0', '0', '0', '0', '0'),
(2985, '1168', '37', '12', '190', '92354', '2', '3', '1', '475', '0', '0', '1', '0', '0', '1', '0', '0', '0'),
(2986, '3220', '39', '15', '33', '92346', '1', '2', '2', '0', '0', '0', '0', '0', '0', '0', '0', '0', '0'),
(2987, '2359', '53', '27', '63', '93109', '2', '0.8', '3', '0', '1', '0', '1', '0', '0', '0', '0', '0', '0'),
(2988, '1002', '57', '32', '55', '90717', '4', '2.1', '1', '108', '0', '0', '1', '0', '0', '0', '0', '0', '0'),
(2989, '4031', '58', '32', '44', '92354', '1', '0.8', '2', '0', '0', '0', '0', '0', '0', '0', '0', '0', '0'),
(2990, '2126', '44', '20', '93', '91910', '4', '0.8', '1', '101', '0', '0', '1', '0', '0', '0', '0', '0', '0'),
(2991, '214', '57', '33', '155', '91326', '1', '7.4', '1', '0', '0', '0', '1', '0', '0', '0', '0', '0', '0'),
(2992, '130', '41', '16', '70', '92131', '3', '0.5', '3', '0', '0', '0', '0', '1', '0', '0', '0', '0', '0'),
(2993, '2719', '59', '33', '68', '95064', '2', '2.3', '3', '0', '1', '0', '0', '0', '0', '0', '0', '0', '0'),
(2994, '2015', '49', '19', '169', '95054', '3', '5.67', '3', '167', '0', '1', '0', '1', '0', '1', '1', '1', '0'),
(2995, '979', '52', '26', '68', '92068', '1', '0.8', '3', '0', '0', '0', '1', '1', '0', '0', '0', '0', '0'),
(2996, '4125', '53', '29', '141', '90064', '2', '0.2', '3', '0', '0', '0', '0', '0', '0', '0', '1', '1', '0'),
(2997, '3908', '40', '14', '42', '91330', '2', '0.3', '1', '187', '0', '0', '1', '0', '0', '0', '0', '0', '0'),
(2998, '4184', '41', '17', '140', '94542', '1', '3.5', '1', '342', '0', '0', '0', '0', '0', '0', '0', '0', '0'),
(2999, '2316', '52', '26', '182', '95818', '2', '1.4', '2', '0', '0', '0', '1', '0', '0', '1', '1', '1', '0'),
(3000, '4590', '31', '7', '13', '93727', '1', '0.5', '3', '0', '0', '0', '1', '0', '0', '0', '0', '0', '0'),
(3001, '1856', '65', '39', '30', '94304', '3', '0.7', '2', '0', '0', '0', '1', '1', '0', '0', '0', '0', '0'),
(3002, '2673', '30', '5', '131', '92068', '3', '0.5', '3', '0', '0', '0', '0', '0', '0', '0', '1', '1', '0'),
(3003, '2429', '39', '12', '108', '92717', '4', '3.67', '2', '301', '0', '0', '0', '1', '0', '0', '1', '0', '0');

/*!40101 SET CHARACTER_SET_CLIENT=@OLD_CHARACTER_SET_CLIENT */;
/*!40101 SET CHARACTER_SET_RESULTS=@OLD_CHARACTER_SET_RESULTS */;
/*!40101 SET COLLATION_CONNECTION=@OLD_COLLATION_CONNECTION */;
